ID,Mass,MassUpper,MassLower,Width,WidthUpper,WidthLower,I,G,P,C,Anti,Charge,Rank,Status,Name,Quarks,Latex
1,4.67,0.5,0.2,-1.0,-1.0,-1.0,1/2,5,1,5,1,-1/3,0,0,d,d,d
-1,4.67,0.5,0.2,-1.0,-1.0,-1.0,1/2,5,1,5,1,1/3,0,0,d,D,\overline{d}
2,2.16,0.5,0.3,-1.0,-1.0,-1.0,1/2,5,1,5,1,2/3,0,0,u,u,u
-2,2.16,0.5,0.3,-1.0,-1.0,-1.0,1/2,5,1,5,1,-2/3,0,0,u,U,\overline{u}
3,93.0,11.0,5.0,-1.0,-1.0,-1.0,0,5,1,5,1,-1/3,0,0,s,s,s
-3,93.0,11.0,5.0,-1.0,-1.0,-1.0,0,5,1,5,1,1/3,0,0,s,S,\overline{s}
4,1270.0,20.0,20.0,-1.0,-1.0,-1.0,0,5,1,5,1,2/3,0,0,c,c,c
-4,1270.0,20.0,20.0,-1.0,-1.0,-1.0,0,5,1,5,1,-2/3,0,0,c,C,\overline{c}
5,4180.0,30.0,20.0,-1.0,-1.0,-1.0,0,5,1,5,1,-1/3,0,0,b,b,b
-5,4180.0,30.0,20.0,-1.0,-1.0,-1.0,0,5,1,5,1,1/3,0,0,b,B,\overline{b}
6,172500.0,700.0,700.0,1420.0,190.0,150.0,0,5,1,5,1,2/3,0,0,t,t,t
-6,172500.0,700.0,700.0,1420.0,190.0,150.0,0,5,1,5,1,-2/3,0,0,t,T,\overline{t}
11,0.5109989461,3.1e-09,3.1e-09,0.0,0.0,0.0,0,5,5,5,2,-1,0,0,e,?,e^{-}
-11,0.5109989461,3.1e-09,3.1e-09,0.0,0.0,0.0,0,5,5,5,2,1,0,0,e,?,e^{+}
12,-1.0,-1.0,-1.0,0.0,0.0,0.0,0,5,5,5,1,0,0,1,nu(e),?,\nu_{e}
-12,-1.0,-1.0,-1.0,0.0,0.0,0.0,0,5,5,5,1,0,0,1,nu(e),?,\overline{\nu}_{e}
13,105.6583745,2.4e-06,2.4e-06,2.9959837e-16,3e-22,3e-22,0,5,5,5,2,-1,0,0,mu,?,\mu^{-}
-13,105.6583745,2.4e-06,2.4e-06,2.9959837e-16,3e-22,3e-22,0,5,5,5,2,1,0,0,mu,?,\mu^{+}
14,-1.0,-1.0,-1.0,0.0,0.0,0.0,0,5,5,5,1,0,0,1,nu(mu),?,\nu_{\mu}
-14,-1.0,-1.0,-1.0,0.0,0.0,0.0,0,5,5,5,1,0,0,1,nu(mu),?,\overline{\nu}_{\mu}
15,1776.86,0.12,0.12,2.267e-09,4e-12,4e-12,0,5,5,5,2,-1,0,0,tau,?,\tau^{-}
-15,1776.86,0.12,0.12,2.267e-09,4e-12,4e-12,0,5,5,5,2,1,0,0,tau,?,\tau^{+}
16,-1.0,-1.0,-1.0,0.0,0.0,0.0,0,5,5,5,1,0,0,1,nu(tau),?,\nu_{\tau}
-16,-1.0,-1.0,-1.0,0.0,0.0,0.0,0,5,5,5,1,0,0,1,nu(tau),?,\overline{\nu}_{\tau}
17,-1.0,-1.0,-1.0,-1.0,-1.0,-1.0,0,5,5,5,2,-1,0,4,tau',?,\tau^{\prime-}
-17,-1.0,-1.0,-1.0,-1.0,-1.0,-1.0,0,5,5,5,2,1,0,4,tau',?,\tau^{\prime+}
18,-1.0,-1.0,-1.0,-1.0,-1.0,-1.0,0,5,5,5,1,0,0,4,nu(tau'),?,\nu_{\tau^{\prime}}
-18,-1.0,-1.0,-1.0,-1.0,-1.0,-1.0,0,5,5,5,1,0,0,4,nu(tau'),?,\overline{\nu}_{\tau^{\prime}}
21,0.0,0.0,0.0,0.0,0.0,0.0,0,5,-1,5,0,0,0,0,g,?,g
22,0.0,0.0,0.0,0.0,0.0,0.0,0,5,-1,-1,0,0,0,0,gamma,?,\gamma
23,91187.6,2.1,2.1,2495.2,2.3,2.3,0,5,5,5,0,0,0,0,Z,?,Z^{0}
24,80379.0,12.0,12.0,2080.0,40.0,40.0,0,5,5,5,2,1,0,0,W,?,W^{+}
-24,80379.0,12.0,12.0,2080.0,40.0,40.0,0,5,5,5,2,-1,0,0,W,?,W^{-}
25,125250.0,170.0,170.0,3.2,2.8,2.2,0,5,5,5,0,0,0,0,H,?,H^{0}
111,134.9768,0.0005,0.0005,7.81e-06,1.2e-07,1.2e-07,1,-1,-1,1,0,0,0,0,pi,(uU-dD)/sqrt(2),\pi^{0}
113,775.26,0.23,0.23,149.1,0.8,0.8,1,1,-1,-1,0,0,0,0,rho(770),(uU-dD)/sqrt(2),\rho(770)^{0}
115,1318.2,0.6,0.6,107.0,5.0,5.0,1,-1,1,1,0,0,0,0,a(2)(1320),(uU-dD)/sqrt(2),a_{2}(1320)^{0}
117,1688.8,2.1,2.1,161.0,10.0,10.0,1,1,-1,-1,0,0,0,0,rho(3)(1690),(uU-dD)/sqrt(2),\rho_{3}(1690)^{0}
119,1967.0,16.0,16.0,324.0,15.0,18.0,1,-1,1,1,0,0,0,0,a(4)(1970),(uU-dD)/sqrt(2),a_{4}(1970)^{0}
130,497.611,0.013,0.013,1.287e-14,5e-17,5e-17,1/2,5,-1,5,0,0,0,0,K(L),p(dS)-q(Ds),K_{L}^{0}
211,139.57039,0.00018,0.00018,2.5284e-14,5e-18,5e-18,1,-1,-1,5,2,1,0,0,pi,uD,\pi^{+}
-211,139.57039,0.00018,0.00018,2.5284e-14,5e-18,5e-18,1,-1,-1,5,2,-1,0,0,pi,Ud,\pi^{-}
213,775.26,0.23,0.23,149.1,0.8,0.8,1,1,-1,5,2,1,0,0,rho(770),uD,\rho(770)^{+}
-213,775.26,0.23,0.23,149.1,0.8,0.8,1,1,-1,5,2,-1,0,0,rho(770),Ud,\rho(770)^{-}
215,1318.2,0.6,0.6,107.0,5.0,5.0,1,-1,1,5,2,1,0,0,a(2)(1320),uD,a_{2}(1320)^{+}
-215,1318.2,0.6,0.6,107.0,5.0,5.0,1,-1,1,5,2,-1,0,0,a(2)(1320),Ud,a_{2}(1320)^{-}
217,1688.8,2.1,2.1,161.0,10.0,10.0,1,1,-1,5,2,1,0,0,rho(3)(1690),uD,\rho_{3}(1690)^{+}
-217,1688.8,2.1,2.1,161.0,10.0,10.0,1,1,-1,5,2,-1,0,0,rho(3)(1690),Ud,\rho_{3}(1690)^{-}
219,1967.0,16.0,16.0,324.0,15.0,18.0,1,-1,1,5,2,1,0,0,a(4)(1970),uD,a_{4}(1970)^{+}
-219,1967.0,16.0,16.0,324.0,15.0,18.0,1,-1,1,5,2,-1,0,0,a(4)(1970),Ud,a_{4}(1970)^{-}
221,547.862,0.017,0.017,0.00131,5e-05,5e-05,0,1,-1,1,0,0,0,0,eta,x(uU+dD)+y(sS),\eta
223,782.66,0.13,0.13,8.68,0.13,0.13,0,-1,-1,-1,0,0,0,0,omega(782),x(uU+dD)+y(sS),\omega(782)
225,1275.5,0.8,0.8,186.7,2.2,2.5,0,1,1,1,0,0,0,0,f(2)(1270),x(uU+dD)+y(sS),f_{2}(1270)
227,1667.0,4.0,4.0,168.0,10.0,10.0,0,-1,-1,-1,0,0,0,0,omega(3)(1670),x(uU+dD)+y(sS),\omega_{3}(1670)
229,2018.0,11.0,11.0,237.0,18.0,18.0,0,1,1,1,0,0,0,0,f(4)(2050),x(uU+dD)+y(sS),f_{4}(2050)
310,497.611,0.013,0.013,7.3508e-12,2.9e-15,2.9e-15,1/2,5,-1,5,0,0,0,0,K(S),p(dS)+q(Ds),K_{S}^{0}
311,497.611,0.013,0.013,-1.0,-1.0,-1.0,1/2,5,-1,5,1,0,0,0,K,dS,K^{0}
-311,497.611,0.013,0.013,-1.0,-1.0,-1.0,1/2,5,-1,5,1,0,0,0,K,Ds,\overline{K}^{0}
313,895.55,0.2,0.2,47.3,0.5,0.5,1/2,5,-1,5,1,0,0,0,K*(892),dS,K^{*}(892)^{0}
-313,895.55,0.2,0.2,47.3,0.5,0.5,1/2,5,-1,5,1,0,0,0,K*(892),Ds,\overline{K}^{*}(892)^{0}
315,1432.4,1.3,1.3,109.0,5.0,5.0,1/2,5,1,5,1,0,0,0,K(2)*(1430),dS,K_{2}^{*}(1430)^{0}
-315,1432.4,1.3,1.3,109.0,5.0,5.0,1/2,5,1,5,1,0,0,0,K(2)*(1430),Ds,\overline{K}_{2}^{*}(1430)^{0}
317,1779.0,8.0,8.0,161.0,17.0,17.0,1/2,5,-1,5,1,0,0,0,K(3)*(1780),dS,K_{3}^{*}(1780)^{0}
-317,1779.0,8.0,8.0,161.0,17.0,17.0,1/2,5,-1,5,1,0,0,0,K(3)*(1780),Ds,\overline{K}_{3}^{*}(1780)^{0}
319,2048.0,8.0,9.0,199.0,27.0,19.0,1/2,5,1,5,1,0,0,0,K(4)*(2045),dS,K_{4}^{*}(2045)^{0}
-319,2048.0,8.0,9.0,199.0,27.0,19.0,1/2,5,1,5,1,0,0,0,K(4)*(2045),Ds,\overline{K}_{4}^{*}(2045)^{0}
321,493.677,0.016,0.016,5.317e-14,9e-17,9e-17,1/2,5,-1,5,2,1,0,0,K,uS,K^{+}
-321,493.677,0.016,0.016,5.317e-14,9e-17,9e-17,1/2,5,-1,5,2,-1,0,0,K,Us,K^{-}
323,895.5,0.8,0.8,46.2,1.3,1.3,1/2,5,-1,5,2,1,0,0,K*(892),uS,K^{*}(892)^{+}
-323,895.5,0.8,0.8,46.2,1.3,1.3,1/2,5,-1,5,2,-1,0,0,K*(892),Us,K^{*}(892)^{-}
325,1427.3,1.5,1.5,100.0,2.1,2.1,1/2,5,1,5,2,1,0,0,K(2)*(1430),uS,K_{2}^{*}(1430)^{+}
-325,1427.3,1.5,1.5,100.0,2.1,2.1,1/2,5,1,5,2,-1,0,0,K(2)*(1430),Us,K_{2}^{*}(1430)^{-}
327,1779.0,8.0,8.0,161.0,17.0,17.0,1/2,5,-1,5,2,1,0,0,K(3)*(1780),uS,K_{3}^{*}(1780)^{+}
-327,1779.0,8.0,8.0,161.0,17.0,17.0,1/2,5,-1,5,2,-1,0,0,K(3)*(1780),Us,K_{3}^{*}(1780)^{-}
329,2048.0,8.0,9.0,199.0,27.0,19.0,1/2,5,1,5,2,1,0,0,K(4)*(2045),uS,K_{4}^{*}(2045)^{+}
-329,2048.0,8.0,9.0,199.0,27.0,19.0,1/2,5,1,5,2,-1,0,0,K(4)*(2045),Us,K_{4}^{*}(2045)^{-}
331,957.78,0.06,0.06,0.188,0.006,0.006,0,1,-1,1,0,0,0,0,eta'(958),x(uU+dD)+y(sS),\eta^{\prime}(958)
333,1019.461,0.016,0.016,4.249,0.013,0.013,0,-1,-1,-1,0,0,0,0,phi(1020),x(uU+dD)+y(sS),\phi(1020)
335,1517.4,2.5,2.5,86.0,5.0,5.0,0,1,1,1,0,0,0,0,f(2)'(1525),x(uU+dD)+y(sS),f_{2}^{\prime}(1525)
337,1854.0,7.0,7.0,87.0,28.0,23.0,0,-1,-1,-1,0,0,0,0,phi(3)(1850),x(uU+dD)+y(sS),\phi_{3}(1850)
411,1869.66,0.05,0.05,6.33e-10,4e-12,4e-12,1/2,5,-1,5,2,1,0,0,D,cD,D^{+}
-411,1869.66,0.05,0.05,6.33e-10,4e-12,4e-12,1/2,5,-1,5,2,-1,0,0,D,Cd,D^{-}
413,2010.26,0.05,0.05,0.0834,0.0018,0.0018,1/2,5,-1,5,2,1,0,0,D*(2010),cD,D^{*}(2010)^{+}
-413,2010.26,0.05,0.05,0.0834,0.0018,0.0018,1/2,5,-1,5,2,-1,0,0,D*(2010),Cd,D^{*}(2010)^{-}
415,2461.1,0.7,0.8,47.3,0.8,0.8,1/2,5,1,5,2,1,0,0,D(2)*(2460),cD,D_{2}^{*}(2460)^{+}
-415,2461.1,0.7,0.8,47.3,0.8,0.8,1/2,5,1,5,2,-1,0,0,D(2)*(2460),Cd,D_{2}^{*}(2460)^{-}
421,1864.84,0.05,0.05,1.605e-09,6e-12,6e-12,1/2,5,-1,5,1,0,0,0,D,cU,D^{0}
-421,1864.84,0.05,0.05,1.605e-09,6e-12,6e-12,1/2,5,-1,5,1,0,0,0,D,Cu,\overline{D}^{0}
423,2006.85,0.05,0.05,2.1,-1.0,-1.0,1/2,5,-1,5,1,0,0,0,D*(2007),cU,D^{*}(2007)^{0}
-423,2006.85,0.05,0.05,2.1,-1.0,-1.0,1/2,5,-1,5,1,0,0,0,D*(2007),Cu,\overline{D}^{*}(2007)^{0}
425,2461.1,0.7,0.8,47.3,0.8,0.8,1/2,5,1,5,1,0,0,0,D(2)*(2460),cU,D_{2}^{*}(2460)^{0}
-425,2461.1,0.7,0.8,47.3,0.8,0.8,1/2,5,1,5,1,0,0,0,D(2)*(2460),Cu,\overline{D}_{2}^{*}(2460)^{0}
431,1968.35,0.07,0.07,1.305e-09,1e-11,1e-11,0,5,-1,5,2,1,0,0,D(s),cS,D_{s}^{+}
-431,1968.35,0.07,0.07,1.305e-09,1e-11,1e-11,0,5,-1,5,2,-1,0,0,D(s),Cs,D_{s}^{-}
433,2112.2,0.4,0.4,-1.0,-1.0,-1.0,0,5,5,5,2,1,0,0,D(s)*,cS,D_{s}^{*+}
-433,2112.2,0.4,0.4,-1.0,-1.0,-1.0,0,5,5,5,2,-1,0,0,D(s)*,Cs,D_{s}^{*-}
435,2569.1,0.8,0.8,16.9,0.7,0.7,0,5,5,5,2,1,0,0,D(s2)*(2573),cS,D_{s2}^{*}(2573)^{+}
-435,2569.1,0.8,0.8,16.9,0.7,0.7,0,5,5,5,2,-1,0,0,D(s2)*(2573),Cs,D_{s2}^{*}(2573)^{-}
441,2983.9,0.4,0.4,32.0,0.7,0.7,0,1,-1,1,0,0,0,0,eta(c)(1S),cC,\eta_{c}(1S)
443,3096.9,0.006,0.006,0.0926,0.0017,0.0017,0,-1,-1,-1,0,0,0,0,J/psi(1S),cC,J/\psi(1S)
445,3556.17,0.07,0.07,1.97,0.09,0.09,0,1,1,1,0,0,0,0,chi(c2)(1P),cC,\chi_{c2}(1P)
511,5279.65,0.12,0.12,4.333e-10,1.1e-12,1.1e-12,1/2,5,-1,5,1,0,0,0,B,dB,B^{0}
-511,5279.65,0.12,0.12,4.333e-10,1.1e-12,1.1e-12,1/2,5,-1,5,1,0,0,0,B,Db,\overline{B}^{0}
513,5324.7,0.21,0.21,-1.0,-1.0,-1.0,1/2,5,-1,5,1,0,0,0,B*,dB,B^{*0}
-513,5324.7,0.21,0.21,-1.0,-1.0,-1.0,1/2,5,-1,5,1,0,0,0,B*,Db,\overline{B}^{*0}
515,5739.5,0.7,0.7,24.2,1.7,1.7,1/2,5,1,5,1,0,3,0,B(2)*(5747),dB,B_{2}^{*}(5747)^{0}
-515,5739.5,0.7,0.7,24.2,1.7,1.7,1/2,5,1,5,1,0,3,0,B(2)*(5747),Db,\overline{B}_{2}^{*}(5747)^{0}
521,5279.34,0.12,0.12,4.018e-10,1e-12,1e-12,1/2,5,-1,5,2,1,0,0,B,uB,B^{+}
-521,5279.34,0.12,0.12,4.018e-10,1e-12,1e-12,1/2,5,-1,5,2,-1,0,0,B,Ub,B^{-}
523,5324.7,0.21,0.21,-1.0,-1.0,-1.0,1/2,5,-1,5,2,1,0,0,B*,uB,B^{*+}
-523,5324.7,0.21,0.21,-1.0,-1.0,-1.0,1/2,5,-1,5,2,-1,0,0,B*,Ub,B^{*-}
525,5737.2,0.7,0.7,20.0,5.0,5.0,1/2,5,1,5,2,1,3,0,B(2)*(5747),uB,B_{2}^{*}(5747)^{+}
-525,5737.2,0.7,0.7,20.0,5.0,5.0,1/2,5,1,5,2,-1,3,0,B(2)*(5747),Ub,B_{2}^{*}(5747)^{-}
531,5366.88,0.14,0.14,4.342e-10,1.7e-12,1.7e-12,0,5,-1,5,1,0,0,0,B(s),sB,B_{s}^{0}
-531,5366.88,0.14,0.14,4.342e-10,1.7e-12,1.7e-12,0,5,-1,5,1,0,0,0,B(s),Sb,\overline{B}_{s}^{0}
533,5415.4,1.8,1.5,-1.0,-1.0,-1.0,0,5,-1,5,1,0,0,0,B(s)*,sB,B_{s}^{*0}
-533,5415.4,1.8,1.5,-1.0,-1.0,-1.0,0,5,-1,5,1,0,0,0,B(s)*,Sb,\overline{B}_{s}^{*0}
535,5839.86,0.12,0.12,1.49,0.27,0.27,1/2,5,1,5,1,0,3,0,B(s2)*(5840),sB,B_{s2}^{*}(5840)^{0}
-535,5839.86,0.12,0.12,1.49,0.27,0.27,1/2,5,1,5,1,0,3,0,B(s2)*(5840),Sb,\overline{B}_{s2}^{*}(5840)^{0}
541,6274.47,0.32,0.32,1.291e-09,2.3e-11,2.3e-11,0,5,-1,5,2,1,0,0,B(c),cB,B_{c}^{+}
-541,6274.47,0.32,0.32,1.291e-09,2.3e-11,2.3e-11,0,5,-1,5,2,-1,0,0,B(c),Cb,B_{c}^{-}
553,9460.3,0.26,0.26,0.054,0.0013,0.0013,0,-1,-1,-1,0,0,0,0,Upsilon(1S),bB,\Upsilon(1S)
555,9912.2,0.4,0.4,-1.0,-1.0,-1.0,0,1,1,1,0,0,0,0,chi(b2)(1P),bB,\chi_{b2}(1P)
1103,-1.0,-1.0,-1.0,-1.0,-1.0,-1.0,1,5,5,5,1,-2/3,0,4,(dd)(1),?,(dd)_{1}
-1103,-1.0,-1.0,-1.0,-1.0,-1.0,-1.0,1,5,5,5,1,2/3,0,4,(dd)(1),?,(dd)_{1}
1112,1610.0,20.0,20.0,130.0,20.0,20.0,3/2,5,-1,5,1,-1,4,0,Delta(1620),ddd,\Delta(1620)^{-}
-1112,1610.0,20.0,20.0,130.0,20.0,20.0,3/2,5,1,5,1,1,4,0,Delta(1620),DDD,\overline{\Delta}(1620)^{+}
1114,1232.0,2.0,2.0,117.0,3.0,3.0,3/2,5,1,5,1,-1,4,0,Delta(1232),ddd,\Delta(1232)^{-}
-1114,1232.0,2.0,2.0,117.0,3.0,3.0,3/2,5,-1,5,1,1,4,0,Delta(1232),DDD,\overline{\Delta}(1232)^{+}
1116,1880.0,30.0,25.0,330.0,70.0,60.0,3/2,5,1,5,1,-1,4,1,Delta(1905),ddd,\Delta(1905)^{-}
-1116,1880.0,30.0,25.0,330.0,70.0,60.0,3/2,5,-1,5,1,1,4,1,Delta(1905),DDD,\overline{\Delta}(1905)^{+}
1118,1930.0,20.0,15.0,280.0,50.0,50.0,3/2,5,1,5,1,-1,4,1,Delta(1950),ddd,\Delta(1950)^{-}
-1118,1930.0,20.0,15.0,280.0,50.0,50.0,3/2,5,-1,5,1,1,4,1,Delta(1950),DDD,\overline{\Delta}(1950)^{+}
1212,1610.0,20.0,20.0,130.0,20.0,20.0,3/2,5,-1,5,1,0,4,0,Delta(1620),udd,\Delta(1620)^{0}
-1212,1610.0,20.0,20.0,130.0,20.0,20.0,3/2,5,1,5,1,0,4,0,Delta(1620),UDD,\overline{\Delta}(1620)^{0}
1214,1515.0,5.0,5.0,110.0,10.0,10.0,1/2,5,-1,5,1,0,4,0,N(1520),udd,N(1520)^{0}
-1214,1515.0,5.0,5.0,110.0,10.0,10.0,1/2,5,1,5,1,0,4,0,N(1520),UDD,\overline{N}(1520)^{0}
1216,1880.0,30.0,25.0,330.0,70.0,60.0,3/2,5,1,5,1,0,4,1,Delta(1905),udd,\Delta(1905)^{0}
-1216,1880.0,30.0,25.0,330.0,70.0,60.0,3/2,5,-1,5,1,0,4,1,Delta(1905),UDD,\overline{\Delta}(1905)^{0}
1218,2180.0,40.0,40.0,400.0,100.0,100.0,1/2,5,-1,5,1,0,4,1,N(2190),udd,N(2190)^{0}
-1218,2180.0,40.0,40.0,400.0,100.0,100.0,1/2,5,1,5,1,0,4,1,N(2190),UDD,\overline{N}(2190)^{0}
2101,-1.0,-1.0,-1.0,-1.0,-1.0,-1.0,1,5,5,5,1,1/3,0,4,(ud)(0),?,(ud)_{0}
-2101,-1.0,-1.0,-1.0,-1.0,-1.0,-1.0,1,5,5,5,1,-1/3,0,4,(ud)(0),?,(ud)_{0}
2103,-1.0,-1.0,-1.0,-1.0,-1.0,-1.0,1,5,5,5,1,1/3,0,4,(ud)(1),?,(ud)_{1}
-2103,-1.0,-1.0,-1.0,-1.0,-1.0,-1.0,1,5,5,5,1,-1/3,0,4,(ud)(1),?,(ud)_{1}
2112,939.565413,6e-06,6e-06,7.485e-25,5e-28,5e-28,1/2,5,1,5,1,0,4,0,n,udd,n
-2112,939.565413,6e-06,6e-06,7.485e-25,5e-28,5e-28,1/2,5,-1,5,1,0,4,0,n,UDD,\overline{n}
2114,1232.0,2.0,2.0,117.0,3.0,3.0,3/2,5,1,5,1,0,4,0,Delta(1232),udd,\Delta(1232)^{0}
-2114,1232.0,2.0,2.0,117.0,3.0,3.0,3/2,5,-1,5,1,0,4,0,Delta(1232),UDD,\overline{\Delta}(1232)^{0}
2116,1675.0,5.0,10.0,145.0,15.0,15.0,1/2,5,-1,5,1,0,4,1,N(1675),udd,N(1675)^{0}
-2116,1675.0,5.0,10.0,145.0,15.0,15.0,1/2,5,1,5,1,0,4,1,N(1675),UDD,\overline{N}(1675)^{0}
2118,1930.0,20.0,15.0,280.0,50.0,50.0,3/2,5,1,5,1,0,4,1,Delta(1950),udd,\Delta(1950)^{0}
-2118,1930.0,20.0,15.0,280.0,50.0,50.0,3/2,5,-1,5,1,0,4,1,Delta(1950),UDD,\overline{\Delta}(1950)^{0}
2122,1610.0,20.0,20.0,130.0,20.0,20.0,3/2,5,-1,5,1,1,4,0,Delta(1620),uud,\Delta(1620)^{+}
-2122,1610.0,20.0,20.0,130.0,20.0,20.0,3/2,5,1,5,1,-1,4,0,Delta(1620),UUD,\overline{\Delta}(1620)^{-}
2124,1515.0,5.0,5.0,110.0,10.0,10.0,1/2,5,-1,5,1,1,4,0,N(1520),uud,N(1520)^{+}
-2124,1515.0,5.0,5.0,110.0,10.0,10.0,1/2,5,1,5,1,-1,4,0,N(1520),UUD,\overline{N}(1520)^{-}
2126,1880.0,30.0,25.0,330.0,70.0,60.0,3/2,5,1,5,1,1,4,1,Delta(1905),uud,\Delta(1905)^{+}
-2126,1880.0,30.0,25.0,330.0,70.0,60.0,3/2,5,-1,5,1,-1,4,1,Delta(1905),UUD,\overline{\Delta}(1905)^{-}
2128,2180.0,40.0,40.0,400.0,100.0,100.0,1/2,5,-1,5,1,1,4,1,N(2190),uud,N(2190)^{+}
-2128,2180.0,40.0,40.0,400.0,100.0,100.0,1/2,5,1,5,1,-1,4,1,N(2190),UUD,\overline{N}(2190)^{-}
2203,-1.0,-1.0,-1.0,-1.0,-1.0,-1.0,1,5,5,5,1,4/3,0,4,(uu)(1),?,(uu)_{1}
-2203,-1.0,-1.0,-1.0,-1.0,-1.0,-1.0,1,5,5,5,1,-4/3,0,4,(uu)(1),?,(uu)_{1}
2212,938.272081,6e-06,6e-06,0.0,0.0,0.0,1/2,5,1,5,1,1,4,0,p,uud,p
-2212,938.272081,6e-06,6e-06,0.0,0.0,0.0,1/2,5,-1,5,1,-1,4,0,p,UUD,\overline{p}
2214,1232.0,2.0,2.0,117.0,3.0,3.0,3/2,5,1,5,1,1,4,0,Delta(1232),uud,\Delta(1232)^{+}
-2214,1232.0,2.0,2.0,117.0,3.0,3.0,3/2,5,-1,5,1,-1,4,0,Delta(1232),UUD,\overline{\Delta}(1232)^{-}
2216,1675.0,5.0,10.0,145.0,15.0,15.0,1/2,5,-1,5,1,1,4,1,N(1675),uud,N(1675)^{+}
-2216,1675.0,5.0,10.0,145.0,15.0,15.0,1/2,5,1,5,1,-1,4,1,N(1675),UUD,\overline{N}(1675)^{-}
2218,1930.0,20.0,15.0,280.0,50.0,50.0,3/2,5,1,5,1,1,4,1,Delta(1950),uud,\Delta(1950)^{+}
-2218,1930.0,20.0,15.0,280.0,50.0,50.0,3/2,5,-1,5,1,-1,4,1,Delta(1950),UUD,\overline{\Delta}(1950)^{-}
2222,1610.0,20.0,20.0,130.0,20.0,20.0,3/2,5,-1,5,1,2,4,0,Delta(1620),uuu,\Delta(1620)^{++}
-2222,1610.0,20.0,20.0,130.0,20.0,20.0,3/2,5,1,5,1,-2,4,0,Delta(1620),UUU,\overline{\Delta}(1620)^{--}
2224,1232.0,2.0,2.0,117.0,3.0,3.0,3/2,5,1,5,1,2,4,0,Delta(1232),uuu,\Delta(1232)^{++}
-2224,1232.0,2.0,2.0,117.0,3.0,3.0,3/2,5,-1,5,1,-2,4,0,Delta(1232),UUU,\overline{\Delta}(1232)^{--}
2226,1880.0,30.0,25.0,330.0,70.0,60.0,3/2,5,1,5,1,2,4,1,Delta(1905),uuu,\Delta(1905)^{++}
-2226,1880.0,30.0,25.0,330.0,70.0,60.0,3/2,5,-1,5,1,-2,4,1,Delta(1905),UUU,\overline{\Delta}(1905)^{--}
2228,1930.0,20.0,15.0,280.0,50.0,50.0,3/2,5,1,5,1,2,4,1,Delta(1950),uuu,\Delta(1950)^{++}
-2228,1930.0,20.0,15.0,280.0,50.0,50.0,3/2,5,-1,5,1,-2,4,1,Delta(1950),UUU,\overline{\Delta}(1950)^{--}
3101,-1.0,-1.0,-1.0,-1.0,-1.0,-1.0,1/2,5,5,5,1,-2/3,0,4,(sd)(0),?,(sd)_{0}
-3101,-1.0,-1.0,-1.0,-1.0,-1.0,-1.0,1/2,5,5,5,1,2/3,0,4,(sd)(0),?,(sd)_{0}
3103,-1.0,-1.0,-1.0,-1.0,-1.0,-1.0,1/2,5,5,5,1,-2/3,0,4,(sd)(1),?,(sd)_{1}
-3103,-1.0,-1.0,-1.0,-1.0,-1.0,-1.0,1/2,5,5,5,1,2/3,0,4,(sd)(1),?,(sd)_{1}
3112,1197.449,0.03,0.03,4.45e-12,3.2e-14,3.2e-14,1,5,1,5,1,-1,4,0,Sigma,dds,\Sigma^{-}
-3112,1197.449,0.03,0.03,4.45e-12,3.2e-14,3.2e-14,1,5,-1,5,1,1,4,0,Sigma,DDS,\overline{\Sigma}^{+}
3114,1387.2,0.5,0.5,39.4,2.1,2.1,1,5,1,5,1,-1,4,0,Sigma(1385),dds,\Sigma(1385)^{-}
-3114,1387.2,0.5,0.5,39.4,2.1,2.1,1,5,-1,5,1,1,4,0,Sigma(1385),DDS,\overline{\Sigma}(1385)^{+}
3116,1775.0,5.0,5.0,120.0,15.0,15.0,1,5,-1,5,1,-1,4,1,Sigma(1775),dds,\Sigma(1775)^{-}
-3116,1775.0,5.0,5.0,120.0,15.0,15.0,1,5,1,5,1,1,4,1,Sigma(1775),DDS,\overline{\Sigma}(1775)^{+}
3118,2030.0,10.0,5.0,180.0,20.0,30.0,1,5,1,5,1,-1,4,1,Sigma(2030),dds,\Sigma(2030)^{-}
-3118,2030.0,10.0,5.0,180.0,20.0,30.0,1,5,-1,5,1,1,4,1,Sigma(2030),DDS,\overline{\Sigma}(2030)^{+}
3122,1115.683,0.006,0.006,2.501e-12,1.9e-14,1.9e-14,0,5,1,5,1,0,4,0,Lambda,uds,\Lambda
-3122,1115.683,0.006,0.006,2.501e-12,1.9e-14,1.9e-14,0,5,-1,5,1,0,4,0,Lambda,UDS,\overline{\Lambda}
3124,1519.0,1.0,1.0,16.0,1.0,1.0,0,5,-1,5,1,0,4,0,Lambda(1520),uds,\Lambda(1520)
-3124,1519.0,1.0,1.0,16.0,1.0,1.0,0,5,1,5,1,0,4,0,Lambda(1520),UDS,\overline{\Lambda}(1520)
3126,1820.0,5.0,5.0,80.0,10.0,10.0,0,5,1,5,1,0,4,1,Lambda(1820),uds,\Lambda(1820)
-3126,1820.0,5.0,5.0,80.0,10.0,10.0,0,5,-1,5,1,0,4,1,Lambda(1820),UDS,\overline{\Lambda}(1820)
3128,2100.0,10.0,10.0,200.0,50.0,100.0,0,5,-1,5,1,0,4,1,Lambda(2100),uds,\Lambda(2100)
-3128,2100.0,10.0,10.0,200.0,50.0,100.0,0,5,1,5,1,0,4,1,Lambda(2100),UDS,\overline{\Lambda}(2100)
3201,-1.0,-1.0,-1.0,-1.0,-1.0,-1.0,1/2,5,5,5,1,1/3,0,4,(su)(0),?,(su)_{0}
-3201,-1.0,-1.0,-1.0,-1.0,-1.0,-1.0,1/2,5,5,5,1,-1/3,0,4,(su)(0),?,(su)_{0}
3203,-1.0,-1.0,-1.0,-1.0,-1.0,-1.0,1/2,5,5,5,1,1/3,0,4,(su)(1),?,(su)_{1}
-3203,-1.0,-1.0,-1.0,-1.0,-1.0,-1.0,1/2,5,5,5,1,-1/3,0,4,(su)(1),?,(su)_{1}
3212,1192.642,0.024,0.024,0.0089,0.0009,0.0008,1,5,1,5,1,0,4,0,Sigma,uds,\Sigma^{0}
-3212,1192.642,0.024,0.024,0.0089,0.0009,0.0008,1,5,-1,5,1,0,4,0,Sigma,UDS,\overline{\Sigma}^{0}
3214,1383.7,1.0,1.0,36.0,5.0,5.0,1,5,1,5,1,0,4,0,Sigma(1385),uds,\Sigma(1385)^{0}
-3214,1383.7,1.0,1.0,36.0,5.0,5.0,1,5,-1,5,1,0,4,0,Sigma(1385),UDS,\overline{\Sigma}(1385)^{0}
3216,1775.0,5.0,5.0,120.0,15.0,15.0,1,5,-1,5,1,0,4,1,Sigma(1775),uds,\Sigma(1775)^{0}
-3216,1775.0,5.0,5.0,120.0,15.0,15.0,1,5,1,5,1,0,4,1,Sigma(1775),UDS,\overline{\Sigma}(1775)^{0}
3218,2030.0,10.0,5.0,180.0,20.0,30.0,1,5,1,5,1,0,4,1,Sigma(2030),uds,\Sigma(2030)^{0}
-3218,2030.0,10.0,5.0,180.0,20.0,30.0,1,5,-1,5,1,0,4,1,Sigma(2030),UDS,\overline{\Sigma}(2030)^{0}
3222,1189.37,0.07,0.07,8.209e-12,2.7e-14,2.7e-14,1,5,1,5,1,1,4,0,Sigma,uus,\Sigma^{+}
-3222,1189.37,0.07,0.07,8.209e-12,2.7e-14,2.7e-14,1,5,-1,5,1,-1,4,0,Sigma,UUS,\overline{\Sigma}^{-}
3224,1382.8,0.35,0.35,36.0,0.7,0.7,1,5,1,5,1,1,4,0,Sigma(1385),uus,\Sigma(1385)^{+}
-3224,1382.8,0.35,0.35,36.0,0.7,0.7,1,5,-1,5,1,-1,4,0,Sigma(1385),UUS,\overline{\Sigma}(1385)^{-}
3226,1775.0,5.0,5.0,120.0,15.0,15.0,1,5,-1,5,1,1,4,1,Sigma(1775),uus,\Sigma(1775)^{+}
-3226,1775.0,5.0,5.0,120.0,15.0,15.0,1,5,1,5,1,-1,4,1,Sigma(1775),UUS,\overline{\Sigma}(1775)^{-}
3228,2030.0,10.0,5.0,180.0,20.0,30.0,1,5,1,5,1,1,4,1,Sigma(2030),uus,\Sigma(2030)^{+}
-3228,2030.0,10.0,5.0,180.0,20.0,30.0,1,5,-1,5,1,-1,4,1,Sigma(2030),UUS,\overline{\Sigma}(2030)^{-}
3303,-1.0,-1.0,-1.0,-1.0,-1.0,-1.0,0,5,5,5,1,-2/3,0,4,(ss)(1),?,(ss)_{1}
-3303,-1.0,-1.0,-1.0,-1.0,-1.0,-1.0,0,5,5,5,1,2/3,0,4,(ss)(1),?,(ss)_{1}
3312,1321.71,0.07,0.07,4.02e-12,4e-14,4e-14,1/2,5,1,5,1,-1,4,0,Xi,dss,\Xi^{-}
-3312,1321.71,0.07,0.07,4.02e-12,4e-14,4e-14,1/2,5,-1,5,1,1,4,0,Xi,DSS,\overline{\Xi}^{+}
3314,1535.0,0.6,0.6,9.9,1.7,1.9,1/2,5,1,5,1,-1,4,0,Xi(1530),dss,\Xi(1530)^{-}
-3314,1535.0,0.6,0.6,9.9,1.7,1.9,1/2,5,-1,5,1,1,4,0,Xi(1530),DSS,\overline{\Xi}(1530)^{+}
3322,1314.86,0.2,0.2,2.27e-12,7e-14,7e-14,1/2,5,1,5,1,0,4,0,Xi,uss,\Xi^{0}
-3322,1314.86,0.2,0.2,2.27e-12,7e-14,7e-14,1/2,5,-1,5,1,0,4,0,Xi,USS,\overline{\Xi}^{0}
3324,1531.8,0.32,0.32,9.1,0.5,0.5,1/2,5,1,5,1,0,4,0,Xi(1530),uss,\Xi(1530)^{0}
-3324,1531.8,0.32,0.32,9.1,0.5,0.5,1/2,5,-1,5,1,0,4,0,Xi(1530),USS,\overline{\Xi}(1530)^{0}
3334,1672.45,0.29,0.29,8.02e-12,1.1e-13,1.1e-13,0,5,1,5,1,-1,4,0,Omega,sss,\Omega^{-}
-3334,1672.45,0.29,0.29,8.02e-12,1.1e-13,1.1e-13,0,5,-1,5,1,1,4,0,Omega,SSS,\overline{\Omega}^{+}
4101,-1.0,-1.0,-1.0,-1.0,-1.0,-1.0,1/2,5,5,5,1,1/3,0,4,(cd)(0),?,(cd)_{0}
-4101,-1.0,-1.0,-1.0,-1.0,-1.0,-1.0,1/2,5,5,5,1,-1/3,0,4,(cd)(0),?,(cd)_{0}
4103,-1.0,-1.0,-1.0,-1.0,-1.0,-1.0,1/2,5,5,5,1,1/3,0,4,(cd)(1),?,(cd)_{1}
-4103,-1.0,-1.0,-1.0,-1.0,-1.0,-1.0,1/2,5,5,5,1,-1/3,0,4,(cd)(1),?,(cd)_{1}
4112,2453.75,0.14,0.14,1.83,0.11,0.19,1,5,1,5,1,0,4,0,Sigma(c)(2455),ddc,\Sigma_{c}^{0}
-4112,2453.75,0.14,0.14,1.83,0.11,0.19,1,5,-1,5,1,0,4,0,Sigma(c)(2455),DDC,\overline{\Sigma}_{c}^{0}
4114,2518.48,0.2,0.2,15.3,0.4,0.5,1,5,1,5,1,0,3,0,Sigma(c)(2520),ddc,\Sigma_{c}(2520)^{0}
-4114,2518.48,0.2,0.2,15.3,0.4,0.5,1,5,-1,5,1,0,3,0,Sigma(c)(2520),DDC,\overline{\Sigma}_{c}(2520)^{0}
4122,2286.46,0.14,0.14,3.25e-09,5e-11,5e-11,0,5,1,5,1,1,4,0,Lambda(c),udc,\Lambda_{c}^{+}
-4122,2286.46,0.14,0.14,3.25e-09,5e-11,5e-11,0,5,-1,5,1,-1,4,0,Lambda(c),UDC,\overline{\Lambda}_{c}^{-}
4132,2470.44,0.28,0.28,4.31e-09,1.8e-10,1.8e-10,1/2,5,1,5,1,0,3,0,Xi(c),dsc,\Xi_{c}^{0}
-4132,2470.44,0.28,0.28,4.31e-09,1.8e-10,1.8e-10,1/2,5,-1,5,1,0,3,0,Xi(c),DSC,\overline{\Xi}_{c}^{0}
4201,-1.0,-1.0,-1.0,-1.0,-1.0,-1.0,1/2,5,5,5,1,4/3,0,4,(cu)(0),?,(cu)_{0}
-4201,-1.0,-1.0,-1.0,-1.0,-1.0,-1.0,1/2,5,5,5,1,-4/3,0,4,(cu)(0),?,(cu)_{0}
4203,-1.0,-1.0,-1.0,-1.0,-1.0,-1.0,1/2,5,5,5,1,4/3,0,4,(cu)(1),?,(cu)_{1}
-4203,-1.0,-1.0,-1.0,-1.0,-1.0,-1.0,1/2,5,5,5,1,-4/3,0,4,(cu)(1),?,(cu)_{1}
4212,2452.9,0.4,0.4,4.6,-1.0,-1.0,1,5,1,5,1,1,4,0,Sigma(c)(2455),udc,\Sigma_{c}(2455)^{+}
-4212,2452.9,0.4,0.4,4.6,-1.0,-1.0,1,5,-1,5,1,-1,4,0,Sigma(c)(2455),UDC,\overline{\Sigma}_{c}(2455)^{-}
4214,2517.5,2.3,2.3,17.0,-1.0,-1.0,1,5,1,5,1,1,3,0,Sigma(c)(2520),udc,\Sigma_{c}(2520)^{+}
-4214,2517.5,2.3,2.3,17.0,-1.0,-1.0,1,5,-1,5,1,-1,3,0,Sigma(c)(2520),UDC,\overline{\Sigma}_{c}(2520)^{-}
4222,2453.97,0.14,0.14,1.89,0.09,0.18,1,5,1,5,1,2,4,0,Sigma(c)(2455),uuc,\Sigma_{c}(2455)^{++}
-4222,2453.97,0.14,0.14,1.89,0.09,0.18,1,5,-1,5,1,-2,4,0,Sigma(c)(2455),UUC,\overline{\Sigma}_{c}(2455)^{--}
4224,2518.41,0.21,0.19,14.78,0.3,0.4,1,5,1,5,1,2,3,0,Sigma(c)(2520),uuc,\Sigma_{c}(2520)^{++}
-4224,2518.41,0.21,0.19,14.78,0.3,0.4,1,5,-1,5,1,-2,3,0,Sigma(c)(2520),UUC,\overline{\Sigma}_{c}(2520)^{--}
4232,2467.71,0.23,0.23,1.444e-09,1.7e-11,1.7e-11,1/2,5,1,5,1,1,3,0,Xi(c),usc,\Xi_{c}^{+}
-4232,2467.71,0.23,0.23,1.444e-09,1.7e-11,1.7e-11,1/2,5,-1,5,1,-1,3,0,Xi(c),USC,\overline{\Xi}_{c}^{-}
4301,-1.0,-1.0,-1.0,-1.0,-1.0,-1.0,0,5,5,5,1,1/3,0,4,(cs)(0),?,(cs)_{0}
-4301,-1.0,-1.0,-1.0,-1.0,-1.0,-1.0,0,5,5,5,1,-1/3,0,4,(cs)(0),?,(cs)_{0}
4303,-1.0,-1.0,-1.0,-1.0,-1.0,-1.0,0,5,5,5,1,1/3,0,4,(cs)(1),?,(cs)_{1}
-4303,-1.0,-1.0,-1.0,-1.0,-1.0,-1.0,0,5,5,5,1,-1/3,0,4,(cs)(1),?,(cs)_{1}
4312,2578.7,0.5,0.5,-1.0,-1.0,-1.0,1/2,5,1,5,1,0,3,0,Xi(c)',dsc,\Xi_{c}^{\prime0}
-4312,2578.7,0.5,0.5,-1.0,-1.0,-1.0,1/2,5,-1,5,1,0,3,0,Xi(c)',DSC,\overline{\Xi}_{c}^{\prime0}
4314,2646.16,0.25,0.25,2.35,0.22,0.22,1/2,5,1,5,1,0,3,0,Xi(c)(2645),dsc,\Xi_{c}(2645)^{0}
-4314,2646.16,0.25,0.25,2.35,0.22,0.22,1/2,5,-1,5,1,0,3,0,Xi(c)(2645),DSC,\overline{\Xi}_{c}(2645)^{0}
4322,2578.2,0.5,0.5,-1.0,-1.0,-1.0,1/2,5,1,5,1,1,3,0,Xi(c)',usc,\Xi_{c}^{\prime+}
-4322,2578.2,0.5,0.5,-1.0,-1.0,-1.0,1/2,5,-1,5,1,-1,3,0,Xi(c)',USC,\overline{\Xi}_{c}^{\prime-}
4324,2645.1,0.3,0.3,2.14,0.19,0.19,1/2,5,1,5,1,1,3,0,Xi(c)(2645),usc,\Xi_{c}(2645)^{+}
-4324,2645.1,0.3,0.3,2.14,0.19,0.19,1/2,5,-1,5,1,-1,3,0,Xi(c)(2645),USC,\overline{\Xi}_{c}(2645)^{-}
4332,2695.2,1.7,1.7,2.46e-09,2.6e-10,2.2e-10,0,5,1,5,1,0,3,0,Omega(c),ssc,\Omega_{c}^{0}
-4332,2695.2,1.7,1.7,2.46e-09,2.6e-10,2.2e-10,0,5,-1,5,1,0,3,0,Omega(c),SSC,\overline{\Omega}_{c}^{0}
4334,2765.9,2.0,2.0,-1.0,-1.0,-1.0,0,5,1,5,1,0,3,0,Omega(c)(2770),ssc,\Omega_{c}(2770)^{0}
-4334,2765.9,2.0,2.0,-1.0,-1.0,-1.0,0,5,-1,5,1,0,3,0,Omega(c)(2770),SSC,\overline{\Omega}_{c}(2770)^{0}
4403,-1.0,-1.0,-1.0,-1.0,-1.0,-1.0,0,5,5,5,1,4/3,0,4,(cc)(1),?,(cc)_{1}
-4403,-1.0,-1.0,-1.0,-1.0,-1.0,-1.0,0,5,5,5,1,-4/3,0,4,(cc)(1),?,(cc)_{1}
5101,-1.0,-1.0,-1.0,-1.0,-1.0,-1.0,1/2,5,5,5,1,-2/3,0,4,(bd)(0),?,(bd)_{0}
-5101,-1.0,-1.0,-1.0,-1.0,-1.0,-1.0,1/2,5,5,5,1,2/3,0,4,(bd)(0),?,(bd)_{0}
5103,-1.0,-1.0,-1.0,-1.0,-1.0,-1.0,1/2,5,5,5,1,-2/3,0,4,(bd)(1),?,(bd)_{1}
-5103,-1.0,-1.0,-1.0,-1.0,-1.0,-1.0,1/2,5,5,5,1,2/3,0,4,(bd)(1),?,(bd)_{1}
5112,5815.64,0.27,0.27,5.3,0.5,0.5,1,5,1,5,1,-1,3,0,Sigma(b),ddb,\Sigma_{b}^{-}
-5112,5815.64,0.27,0.27,5.3,0.5,0.5,1,5,-1,5,1,1,3,0,Sigma(b),DDB,\overline{\Sigma}_{b}^{+}
5114,5834.74,0.3,0.3,10.4,0.8,0.8,1,5,1,5,1,-1,3,0,Sigma(b)*,ddb,\Sigma_{b}^{*-}
-5114,5834.74,0.3,0.3,10.4,0.8,0.8,1,5,-1,5,1,1,3,0,Sigma(b)*,DDB,\overline{\Sigma}_{b}^{*+}
5122,5619.6,0.17,0.17,4.475e-10,2.7e-12,2.7e-12,0,5,1,5,1,0,3,0,Lambda(b),udb,\Lambda_{b}^{0}
-5122,5619.6,0.17,0.17,4.475e-10,2.7e-12,2.7e-12,0,5,-1,5,1,0,3,0,Lambda(b),UDB,\overline{\Lambda}_{b}^{0}
5132,5797.0,0.6,0.6,4.19e-10,1.1e-11,1.1e-11,1/2,5,1,5,1,-1,3,0,Xi(b),dsb,\Xi_{b}^{-}
-5132,5797.0,0.6,0.6,4.19e-10,1.1e-11,1.1e-11,1/2,5,-1,5,1,1,3,0,Xi(b),DSB,\overline{\Xi}_{b}^{+}
5201,-1.0,-1.0,-1.0,-1.0,-1.0,-1.0,1/2,5,5,5,1,1/3,0,4,(bu)(0),?,(bu)_{0}
-5201,-1.0,-1.0,-1.0,-1.0,-1.0,-1.0,1/2,5,5,5,1,-1/3,0,4,(bu)(0),?,(bu)_{0}
5203,-1.0,-1.0,-1.0,-1.0,-1.0,-1.0,1/2,5,5,5,1,1/3,0,4,(bu)(1),?,(bu)_{1}
-5203,-1.0,-1.0,-1.0,-1.0,-1.0,-1.0,1/2,5,5,5,1,-1/3,0,4,(bu)(1),?,(bu)_{1}
5222,5810.56,0.25,0.25,5.0,0.5,0.5,1,5,1,5,1,1,3,0,Sigma(b),uub,\Sigma_{b}^{+}
-5222,5810.56,0.25,0.25,5.0,0.5,0.5,1,5,-1,5,1,-1,3,0,Sigma(b),UUB,\overline{\Sigma}_{b}^{-}
5224,5830.32,0.27,0.27,9.4,0.5,0.5,1,5,1,5,1,1,3,0,Sigma(b)*,uub,\Sigma_{b}^{*+}
-5224,5830.32,0.27,0.27,9.4,0.5,0.5,1,5,-1,5,1,-1,3,0,Sigma(b)*,UUB,\overline{\Sigma}_{b}^{*-}
5232,5791.9,0.5,0.5,4.45e-10,9e-12,9e-12,1/2,5,1,5,1,0,3,0,Xi(b),usb,\Xi_{b}^{0}
-5232,5791.9,0.5,0.5,4.45e-10,9e-12,9e-12,1/2,5,-1,5,1,0,3,0,Xi(b),USB,\overline{\Xi}_{b}^{0}
5301,-1.0,-1.0,-1.0,-1.0,-1.0,-1.0,0,5,5,5,1,-2/3,0,4,(bs)(0),?,(bs)_{0}
-5301,-1.0,-1.0,-1.0,-1.0,-1.0,-1.0,0,5,5,5,1,2/3,0,4,(bs)(0),?,(bs)_{0}
5303,-1.0,-1.0,-1.0,-1.0,-1.0,-1.0,0,5,5,5,1,-2/3,0,4,(bs)(1),?,(bs)_{1}
-5303,-1.0,-1.0,-1.0,-1.0,-1.0,-1.0,0,5,5,5,1,2/3,0,4,(bs)(1),?,(bs)_{1}
5332,6046.1,1.7,1.7,4e-10,5e-11,4e-11,0,5,1,5,1,-1,3,0,Omega(b),ssb,\Omega_{b}^{-}
-5332,6046.1,1.7,1.7,4e-10,5e-11,4e-11,0,5,-1,5,1,1,3,0,Omega(b),SSB,\overline{\Omega}_{b}^{+}
5401,-1.0,-1.0,-1.0,-1.0,-1.0,-1.0,0,5,5,5,1,1/3,0,4,(bc)(0),?,(bc)_{0}
-5401,-1.0,-1.0,-1.0,-1.0,-1.0,-1.0,0,5,5,5,1,-1/3,0,4,(bc)(0),?,(bc)_{0}
5403,-1.0,-1.0,-1.0,-1.0,-1.0,-1.0,0,5,5,5,1,1/3,0,4,(bc)(1),?,(bc)_{1}
-5403,-1.0,-1.0,-1.0,-1.0,-1.0,-1.0,0,5,5,5,1,-1/3,0,4,(bc)(1),?,(bc)_{1}
5503,-1.0,-1.0,-1.0,-1.0,-1.0,-1.0,0,5,5,5,1,-2/3,0,4,(bb)(1),?,(bb)_{1}
-5503,-1.0,-1.0,-1.0,-1.0,-1.0,-1.0,0,5,5,5,1,2/3,0,4,(bb)(1),?,(bb)_{1}
10111,1474.0,19.0,19.0,265.0,13.0,13.0,1,-1,1,1,0,0,0,0,a(0)(1450),(uU-dD)/sqrt(2),a_{0}(1450)^{0}
10113,1229.5,3.2,3.2,142.0,9.0,9.0,1,1,1,-1,0,0,0,0,b(1)(1235),(uU-dD)/sqrt(2),b_{1}(1235)^{0}
10115,1670.6,2.9,1.2,258.0,8.0,9.0,1,-1,-1,1,0,0,0,0,pi(2)(1670),(uU-dD)/sqrt(2),\pi_{2}(1670)^{0}
10211,1474.0,19.0,19.0,265.0,13.0,13.0,1,-1,1,5,2,1,0,0,a(0)(1450),uD,a_{0}(1450)^{+}
-10211,1474.0,19.0,19.0,265.0,13.0,13.0,1,-1,1,5,2,-1,0,0,a(0)(1450),Ud,a_{0}(1450)^{-}
10213,1229.5,3.2,3.2,142.0,9.0,9.0,1,1,1,5,2,1,0,0,b(1)(1235),uD,b_{1}(1235)^{+}
-10213,1229.5,3.2,3.2,142.0,9.0,9.0,1,1,1,5,2,-1,0,0,b(1)(1235),Ud,b_{1}(1235)^{-}
10215,1670.6,2.9,1.2,258.0,8.0,9.0,1,-1,-1,5,2,1,0,0,pi(2)(1670),uD,\pi_{2}(1670)^{+}
-10215,1670.6,2.9,1.2,258.0,8.0,9.0,1,-1,-1,5,2,-1,0,0,pi(2)(1670),Ud,\pi_{2}(1670)^{-}
10221,1350.0,150.0,150.0,350.0,150.0,150.0,0,1,1,1,0,0,0,0,f(0)(1370),x(uU+dD)+y(sS),f_{0}(1370)
10223,1166.0,6.0,6.0,375.0,35.0,35.0,0,-1,1,-1,0,0,0,0,h(1)(1170),x(uU+dD)+y(sS),h_{1}(1170)
10225,1617.0,5.0,5.0,181.0,11.0,11.0,0,1,-1,1,0,0,0,0,eta(2)(1645),x(uU+dD)+y(sS),\eta_{2}(1645)
10311,1430.0,50.0,50.0,270.0,80.0,80.0,1/2,5,1,5,1,0,0,0,K(0)*(1430),dS,K_{0}^{*}(1430)^{0}
-10311,1430.0,50.0,50.0,270.0,80.0,80.0,1/2,5,1,5,1,0,0,0,K(0)*(1430),Ds,\overline{K}_{0}^{*}(1430)^{0}
10313,1253.0,7.0,7.0,90.0,20.0,20.0,1/2,5,1,5,1,0,0,0,K(1)(1270),dS,K_{1}(1270)^{0}
-10313,1253.0,7.0,7.0,90.0,20.0,20.0,1/2,5,1,5,1,0,0,0,K(1)(1270),Ds,\overline{K}_{1}(1270)^{0}
10315,1773.0,8.0,8.0,186.0,14.0,14.0,1/2,5,-1,5,1,0,0,0,K(2)(1770),dS,K_{2}(1770)^{0}
-10315,1773.0,8.0,8.0,186.0,14.0,14.0,1/2,5,-1,5,1,0,0,0,K(2)(1770),Ds,\overline{K}_{2}(1770)^{0}
10321,1430.0,50.0,50.0,270.0,80.0,80.0,1/2,5,1,5,2,1,0,0,K(0)*(1430),uS,K_{0}^{*}(1430)^{+}
-10321,1430.0,50.0,50.0,270.0,80.0,80.0,1/2,5,1,5,2,-1,0,0,K(0)*(1430),Us,K_{0}^{*}(1430)^{-}
10323,1253.0,7.0,7.0,90.0,20.0,20.0,1/2,5,1,5,2,1,0,0,K(1)(1270),uS,K_{1}(1270)^{+}
-10323,1253.0,7.0,7.0,90.0,20.0,20.0,1/2,5,1,5,2,-1,0,0,K(1)(1270),Us,K_{1}(1270)^{-}
10325,1773.0,8.0,8.0,186.0,14.0,14.0,1/2,5,-1,5,2,1,0,0,K(2)(1770),uS,K_{2}(1770)^{+}
-10325,1773.0,8.0,8.0,186.0,14.0,14.0,1/2,5,-1,5,2,-1,0,0,K(2)(1770),Us,K_{2}(1770)^{-}
10331,1704.0,12.0,12.0,123.0,18.0,18.0,0,1,1,1,0,0,0,0,f(0)(1710),x(uU+dD)+y(sS),f_{0}(1710)
10333,1416.0,8.0,8.0,90.0,15.0,15.0,?,-1,1,-1,0,0,0,2,h(1)(1415),x(uU+dD)+y(sS),h_{1}(1415)
10411,2343.0,10.0,10.0,229.0,16.0,16.0,1/2,5,5,5,2,1,0,2,D(0)*(2300),cD,D_{0}^{*}(2300)^{+}
-10411,2343.0,10.0,10.0,229.0,16.0,16.0,1/2,5,5,5,2,-1,0,2,D(0)*(2300),Cd,D_{0}^{*}(2300)^{-}
10413,2422.1,0.6,0.6,31.3,1.9,1.9,1/2,5,5,5,2,1,0,2,D(1)(2420),cD,D_{1}(2420)^{+}
-10413,2422.1,0.6,0.6,31.3,1.9,1.9,1/2,5,5,5,2,-1,0,2,D(1)(2420),Cd,D_{1}(2420)^{-}
10421,2343.0,10.0,10.0,229.0,16.0,16.0,1/2,5,1,5,1,0,0,2,D(0)*(2300),cU,D_{0}^{*}(2300)^{0}
-10421,2343.0,10.0,10.0,229.0,16.0,16.0,1/2,5,1,5,1,0,0,2,D(0)*(2300),Cu,\overline{D}_{0}^{*}(2300)^{0}
10423,2422.1,0.6,0.6,31.3,1.9,1.9,1/2,5,1,5,1,0,0,0,D(1)(2420),cU,D_{1}(2420)^{0}
-10423,2422.1,0.6,0.6,31.3,1.9,1.9,1/2,5,1,5,1,0,0,0,D(1)(2420),Cu,\overline{D}_{1}(2420)^{0}
10431,2317.8,0.5,0.5,10.0,-1.0,-1.0,0,5,1,5,2,1,0,0,D(s0)*(2317),cS,D_{s0}^{*}(2317)^{+}
-10431,2317.8,0.5,0.5,10.0,-1.0,-1.0,0,5,1,5,2,-1,0,0,D(s0)*(2317),Cs,D_{s0}^{*}(2317)^{-}
10433,2535.11,0.06,0.06,0.92,0.05,0.05,0,5,1,5,2,1,0,0,D(s1)(2536),cS,D_{s1}(2536)^{+}
-10433,2535.11,0.06,0.06,0.92,0.05,0.05,0,5,1,5,2,-1,0,0,D(s1)(2536),Cs,D_{s1}(2536)^{-}
10441,3414.71,0.3,0.3,10.8,0.6,0.6,0,1,1,1,0,0,0,0,chi(c0)(1P),cC,\chi_{c0}(1P)
10443,3525.38,0.11,0.11,0.7,0.4,0.4,?,5,1,-1,0,0,0,0,h(c)(1P),cC,h_{c}(1P)
10551,9859.4,0.5,0.5,-1.0,-1.0,-1.0,0,1,1,1,0,0,0,0,chi(b0)(1P),bB,\chi_{b0}(1P)
10553,9899.3,0.8,0.8,-1.0,-1.0,-1.0,0,5,1,-1,0,0,0,0,h(b)(1P),bB,h_{b}(1P)
11112,1860.0,60.0,20.0,250.0,70.0,70.0,3/2,5,-1,5,1,-1,3,0,Delta(1900),ddd,\Delta(1900)^{-}
-11112,1860.0,60.0,20.0,250.0,70.0,70.0,3/2,5,1,5,1,1,3,0,Delta(1900),DDD,\overline{\Delta}(1900)^{+}
11114,1710.0,20.0,20.0,300.0,80.0,80.0,3/2,5,-1,5,1,-1,4,1,Delta(1700),ddd,\Delta(1700)^{-}
-11114,1710.0,20.0,20.0,300.0,80.0,80.0,3/2,5,1,5,1,1,4,1,Delta(1700),DDD,\overline{\Delta}(1700)^{+}
11116,1950.0,50.0,50.0,300.0,100.0,100.0,3/2,5,-1,5,1,-1,3,1,Delta(1930),ddd,\Delta(1930)^{-}
-11116,1950.0,50.0,50.0,300.0,100.0,100.0,3/2,5,1,5,1,1,3,1,Delta(1930),DDD,\overline{\Delta}(1930)^{+}
11212,1860.0,60.0,20.0,250.0,70.0,70.0,3/2,5,-1,5,1,0,3,0,Delta(1900),udd,\Delta(1900)^{0}
-11212,1860.0,60.0,20.0,250.0,70.0,70.0,3/2,5,1,5,1,0,3,0,Delta(1900),UDD,\overline{\Delta}(1900)^{0}
11216,1950.0,50.0,50.0,300.0,100.0,100.0,3/2,5,-1,5,1,0,3,1,Delta(1930),udd,\Delta(1930)^{0}
-11216,1950.0,50.0,50.0,300.0,100.0,100.0,3/2,5,1,5,1,0,3,1,Delta(1930),UDD,\overline{\Delta}(1930)^{0}
12112,1440.0,30.0,30.0,350.0,100.0,100.0,1/2,5,1,5,1,0,4,0,N(1440),udd,N(1440)^{0}
-12112,1440.0,30.0,30.0,350.0,100.0,100.0,1/2,5,-1,5,1,0,4,0,N(1440),UDD,\overline{N}(1440)^{0}
12114,1710.0,20.0,20.0,300.0,80.0,80.0,3/2,5,-1,5,1,0,4,1,Delta(1700),udd,\Delta(1700)^{0}
-12114,1710.0,20.0,20.0,300.0,80.0,80.0,3/2,5,1,5,1,0,4,1,Delta(1700),UDD,\overline{\Delta}(1700)^{0}
12116,1685.0,5.0,5.0,120.0,10.0,5.0,1/2,5,1,5,1,0,4,1,N(1680),udd,N(1680)^{0}
-12116,1685.0,5.0,5.0,120.0,10.0,5.0,1/2,5,-1,5,1,0,4,1,N(1680),UDD,\overline{N}(1680)^{0}
12122,1860.0,60.0,20.0,250.0,70.0,70.0,3/2,5,-1,5,1,1,3,0,Delta(1900),uud,\Delta(1900)^{+}
-12122,1860.0,60.0,20.0,250.0,70.0,70.0,3/2,5,1,5,1,-1,3,0,Delta(1900),UUD,\overline{\Delta}(1900)^{-}
12126,1950.0,50.0,50.0,300.0,100.0,100.0,3/2,5,-1,5,1,1,3,1,Delta(1930),uud,\Delta(1930)^{+}
-12126,1950.0,50.0,50.0,300.0,100.0,100.0,3/2,5,1,5,1,-1,3,1,Delta(1930),UUD,\overline{\Delta}(1930)^{-}
12212,1440.0,30.0,30.0,350.0,100.0,100.0,1/2,5,1,5,1,1,4,0,N(1440),uud,N(1440)^{+}
-12212,1440.0,30.0,30.0,350.0,100.0,100.0,1/2,5,-1,5,1,-1,4,0,N(1440),UUD,\overline{N}(1440)^{-}
12214,1710.0,20.0,20.0,300.0,80.0,80.0,3/2,5,-1,5,1,1,4,1,Delta(1700),uud,\Delta(1700)^{+}
-12214,1710.0,20.0,20.0,300.0,80.0,80.0,3/2,5,1,5,1,-1,4,1,Delta(1700),UUD,\overline{\Delta}(1700)^{-}
12216,1685.0,5.0,5.0,120.0,10.0,5.0,1/2,5,1,5,1,1,4,1,N(1680),uud,N(1680)^{+}
-12216,1685.0,5.0,5.0,120.0,10.0,5.0,1/2,5,-1,5,1,-1,4,1,N(1680),UUD,\overline{N}(1680)^{-}
12222,1860.0,60.0,20.0,250.0,70.0,70.0,3/2,5,-1,5,1,2,3,0,Delta(1900),uuu,\Delta(1900)^{++}
-12222,1860.0,60.0,20.0,250.0,70.0,70.0,3/2,5,1,5,1,-2,3,0,Delta(1900),UUU,\overline{\Delta}(1900)^{--}
12224,1710.0,20.0,20.0,300.0,80.0,80.0,3/2,5,-1,5,1,2,4,1,Delta(1700),uuu,\Delta(1700)^{++}
-12224,1710.0,20.0,20.0,300.0,80.0,80.0,3/2,5,1,5,1,-2,4,1,Delta(1700),UUU,\overline{\Delta}(1700)^{--}
12226,1950.0,50.0,50.0,300.0,100.0,100.0,3/2,5,-1,5,1,2,3,1,Delta(1930),uuu,\Delta(1930)^{++}
-12226,1950.0,50.0,50.0,300.0,100.0,100.0,3/2,5,1,5,1,-2,3,1,Delta(1930),UUU,\overline{\Delta}(1930)^{--}
13112,1660.0,20.0,20.0,200.0,100.0,100.0,1,5,1,5,1,-1,3,0,Sigma(1660),dds,\Sigma(1660)^{-}
-13112,1660.0,20.0,20.0,200.0,100.0,100.0,1,5,-1,5,1,1,3,0,Sigma(1660),DDS,\overline{\Sigma}(1660)^{+}
13114,1675.0,10.0,10.0,70.0,30.0,30.0,1,5,-1,5,1,-1,4,1,Sigma(1670),dds,\Sigma(1670)^{-}
-13114,1675.0,10.0,10.0,70.0,30.0,30.0,1,5,1,5,1,1,4,1,Sigma(1670),DDS,\overline{\Sigma}(1670)^{+}
13116,1915.0,20.0,15.0,120.0,40.0,40.0,1,5,1,5,1,-1,4,1,Sigma(1915),dds,\Sigma(1915)^{-}
-13116,1915.0,20.0,15.0,120.0,40.0,40.0,1,5,-1,5,1,1,4,1,Sigma(1915),DDS,\overline{\Sigma}(1915)^{+}
13122,1405.1,1.3,1.0,50.5,2.0,2.0,0,5,-1,5,1,0,4,0,Lambda(1405),uds,\Lambda(1404)
-13122,1405.1,1.3,1.0,50.5,2.0,2.0,0,5,1,5,1,0,4,0,Lambda(1405),UDS,\overline{\Lambda}(1404)
13124,1690.0,5.0,5.0,70.0,10.0,10.0,0,5,-1,5,1,0,4,1,Lambda(1690),uds,\Lambda(1690)
-13124,1690.0,5.0,5.0,70.0,10.0,10.0,0,5,1,5,1,0,4,1,Lambda(1690),UDS,\overline{\Lambda}(1690)
13126,1825.0,5.0,5.0,90.0,30.0,30.0,0,5,-1,5,1,0,4,1,Lambda(1830),uds,\Lambda(1830)
-13126,1825.0,5.0,5.0,90.0,30.0,30.0,0,5,1,5,1,0,4,1,Lambda(1830),UDS,\overline{\Lambda}(1830)
13212,1660.0,20.0,20.0,200.0,100.0,100.0,1,5,1,5,1,0,3,0,Sigma(1660),uds,\Sigma(1660)^{0}
-13212,1660.0,20.0,20.0,200.0,100.0,100.0,1,5,-1,5,1,0,3,0,Sigma(1660),UDS,\overline{\Sigma}(1660)^{0}
13214,1675.0,10.0,10.0,70.0,30.0,30.0,1,5,-1,5,1,0,4,1,Sigma(1670),uds,\Sigma(1670)^{0}
-13214,1675.0,10.0,10.0,70.0,30.0,30.0,1,5,1,5,1,0,4,1,Sigma(1670),UDS,\overline{\Sigma}(1670)^{0}
13216,1915.0,20.0,15.0,120.0,40.0,40.0,1,5,1,5,1,0,4,1,Sigma(1915),uds,\Sigma(1915)^{0}
-13216,1915.0,20.0,15.0,120.0,40.0,40.0,1,5,-1,5,1,0,4,1,Sigma(1915),UDS,\overline{\Sigma}(1915)^{0}
13222,1660.0,20.0,20.0,200.0,100.0,100.0,1,5,1,5,1,1,3,0,Sigma(1660),uus,\Sigma(1660)^{+}
-13222,1660.0,20.0,20.0,200.0,100.0,100.0,1,5,-1,5,1,-1,3,0,Sigma(1660),UUS,\overline{\Sigma}(1660)^{-}
13224,1675.0,10.0,10.0,70.0,30.0,30.0,1,5,-1,5,1,1,4,1,Sigma(1670),uus,\Sigma(1670)^{+}
-13224,1675.0,10.0,10.0,70.0,30.0,30.0,1,5,1,5,1,-1,4,1,Sigma(1670),UUS,\overline{\Sigma}(1670)^{-}
13226,1915.0,20.0,15.0,120.0,40.0,40.0,1,5,1,5,1,1,4,1,Sigma(1915),uus,\Sigma(1915)^{+}
-13226,1915.0,20.0,15.0,120.0,40.0,40.0,1,5,-1,5,1,-1,4,1,Sigma(1915),UUS,\overline{\Sigma}(1915)^{-}
13314,1823.0,5.0,5.0,24.0,15.0,10.0,1/2,5,-1,5,1,-1,3,1,Xi(1820),dss,\Xi(1820)^{-}
-13314,1823.0,5.0,5.0,24.0,15.0,10.0,1/2,5,1,5,1,1,3,1,Xi(1820),DSS,\overline{\Xi}(1820)^{+}
13324,1823.0,5.0,5.0,24.0,15.0,10.0,1/2,5,-1,5,1,0,3,1,Xi(1820),uss,\Xi(1820)^{0}
-13324,1823.0,5.0,5.0,24.0,15.0,10.0,1/2,5,1,5,1,0,3,1,Xi(1820),USS,\overline{\Xi}(1820)^{0}
14122,2592.25,0.28,0.28,2.6,0.6,0.6,0,5,-1,5,1,1,3,0,Lambda(c)(2595),udc,\Lambda_{c}(2593)^{+}
-14122,2592.25,0.28,0.28,2.6,0.6,0.6,0,5,1,5,1,-1,3,0,Lambda(c)(2595),UDC,\overline{\Lambda}_{c}(2593)^{-}
20113,1230.0,40.0,40.0,420.0,180.0,180.0,1,-1,1,1,0,0,0,0,a(1)(1260),(uU-dD)/sqrt(2),a_{1}(1260)^{0}
20213,1230.0,40.0,40.0,420.0,180.0,180.0,1,-1,1,5,2,1,0,0,a(1)(1260),uD,a_{1}(1260)^{+}
-20213,1230.0,40.0,40.0,420.0,180.0,180.0,1,-1,1,5,2,-1,0,0,a(1)(1260),Ud,a_{1}(1260)^{-}
20223,1281.9,0.5,0.5,22.7,1.1,1.1,0,1,1,1,0,0,0,0,f(1)(1285),x(uU+dD)+y(sS),f_{1}(1285)
20313,1403.0,7.0,7.0,174.0,13.0,13.0,1/2,5,1,5,1,0,0,0,K(1)(1400),dS,K_{1}(1400)^{0}
-20313,1403.0,7.0,7.0,174.0,13.0,13.0,1/2,5,1,5,1,0,0,0,K(1)(1400),Ds,\overline{K}_{1}(1400)^{0}
20315,1819.0,12.0,12.0,264.0,34.0,34.0,1/2,5,-1,5,1,0,0,0,K(2)(1820),dS,K_{2}(1820)^{0}
-20315,1819.0,12.0,12.0,264.0,34.0,34.0,1/2,5,-1,5,1,0,0,0,K(2)(1820),Ds,\overline{K}_{2}(1820)^{0}
20323,1403.0,7.0,7.0,174.0,13.0,13.0,1/2,5,1,5,2,1,0,0,K(1)(1400),uS,K_{1}(1400)^{+}
-20323,1403.0,7.0,7.0,174.0,13.0,13.0,1/2,5,1,5,2,-1,0,0,K(1)(1400),Us,K_{1}(1400)^{-}
20325,1819.0,12.0,12.0,264.0,34.0,34.0,1/2,5,-1,5,2,1,0,0,K(2)(1820),uS,K_{2}(1820)^{+}
-20325,1819.0,12.0,12.0,264.0,34.0,34.0,1/2,5,-1,5,2,-1,0,0,K(2)(1820),Us,K_{2}(1820)^{-}
20333,1426.3,0.9,0.9,54.5,2.6,2.6,0,1,1,1,0,0,0,0,f(1)(1420),x(uU+dD)+y(sS),f_{1}(1420)
20423,2412.0,9.0,9.0,314.0,29.0,29.0,1/2,5,1,5,1,0,0,2,D(1)(2430),cU,D_{1}(2430)^{0}
-20423,2412.0,9.0,9.0,314.0,29.0,29.0,1/2,5,1,5,1,0,0,2,D(1)(2430),Cu,\overline{D}_{1}(2430)^{0}
20433,2459.5,0.6,0.6,6.3,-1.0,-1.0,0,5,1,5,2,1,0,0,D(s1)(2460),cS,D_{s1}(2460)^{+}
-20433,2459.5,0.6,0.6,6.3,-1.0,-1.0,0,5,1,5,2,-1,0,0,D(s1)(2460),Cs,D_{s1}(2460)^{-}
20443,3510.67,0.05,0.05,0.84,0.04,0.04,0,1,1,1,0,0,0,0,chi(c1)(1P),cC,\chi_{c1}(1P)
20553,9892.8,0.4,0.4,-1.0,-1.0,-1.0,0,1,1,1,0,0,0,0,chi(b1)(1P),bB,\chi_{b1}(1P)
20555,10163.7,1.4,1.4,-1.0,-1.0,-1.0,0,-1,-1,-1,0,0,0,0,Upsilon(2)(1D),bB,\Upsilon_{2}(1D)
21112,1900.0,50.0,50.0,300.0,100.0,100.0,3/2,5,1,5,1,-1,4,1,Delta(1910),ddd,\Delta(1910)^{-}
-21112,1900.0,50.0,50.0,300.0,100.0,100.0,3/2,5,-1,5,1,1,4,1,Delta(1910),DDD,\overline{\Delta}(1910)^{+}
21114,1920.0,50.0,50.0,300.0,60.0,60.0,3/2,5,1,5,1,-1,3,1,Delta(1920),ddd,\Delta(1920)^{-}
-21114,1920.0,50.0,50.0,300.0,60.0,60.0,3/2,5,-1,5,1,1,3,1,Delta(1920),DDD,\overline{\Delta}(1920)^{+}
21212,1900.0,50.0,50.0,300.0,100.0,100.0,3/2,5,1,5,1,0,4,1,Delta(1910),udd,\Delta(1910)^{0}
-21212,1900.0,50.0,50.0,300.0,100.0,100.0,3/2,5,-1,5,1,0,4,1,Delta(1910),UDD,\overline{\Delta}(1910)^{0}
21214,1720.0,80.0,70.0,200.0,100.0,100.0,1/2,5,-1,5,1,0,3,1,N(1700),udd,N(1700)^{0}
-21214,1720.0,80.0,70.0,200.0,100.0,100.0,1/2,5,1,5,1,0,3,1,N(1700),UDD,\overline{N}(1700)^{0}
22112,1530.0,15.0,15.0,150.0,25.0,25.0,1/2,5,-1,5,1,0,4,0,N(1535),udd,\Delta(1910)^{0}
-22112,1530.0,15.0,15.0,150.0,25.0,25.0,1/2,5,1,5,1,0,4,0,N(1535),UDD,\overline{\Delta}(1910)^{0}
22114,1920.0,50.0,50.0,300.0,60.0,60.0,3/2,5,1,5,1,0,3,1,Delta(1920),udd,\Delta(1920)^{0}
-22114,1920.0,50.0,50.0,300.0,60.0,60.0,3/2,5,-1,5,1,0,3,1,Delta(1920),UDD,\overline{\Delta}(1920)^{0}
22122,1900.0,50.0,50.0,300.0,100.0,100.0,3/2,5,1,5,1,1,4,1,Delta(1910),uud,\Delta(1910)^{+}
-22122,1900.0,50.0,50.0,300.0,100.0,100.0,3/2,5,-1,5,1,-1,4,1,Delta(1910),UUD,\overline{\Delta}(1910)^{-}
22124,1720.0,80.0,70.0,200.0,100.0,100.0,1/2,5,-1,5,1,1,3,1,N(1700),uud,N(1700)^{+}
-22124,1720.0,80.0,70.0,200.0,100.0,100.0,1/2,5,1,5,1,-1,3,1,N(1700),UUD,\overline{N}(1700)^{-}
22212,1530.0,15.0,15.0,150.0,25.0,25.0,1/2,5,-1,5,1,1,4,0,N(1535),uud,N(1535)^{+}
-22212,1530.0,15.0,15.0,150.0,25.0,25.0,1/2,5,1,5,1,-1,4,0,N(1535),UUD,\overline{N}(1535)^{-}
22214,1920.0,50.0,50.0,300.0,60.0,60.0,3/2,5,1,5,1,1,3,1,Delta(1920),uud,\Delta(1920)^{+}
-22214,1920.0,50.0,50.0,300.0,60.0,60.0,3/2,5,-1,5,1,-1,3,1,Delta(1920),UUD,\overline{\Delta}(1920)^{-}
22222,1900.0,50.0,50.0,300.0,100.0,100.0,3/2,5,1,5,1,2,4,1,Delta(1910),uuu,\Delta(1910)^{++}
-22222,1900.0,50.0,50.0,300.0,100.0,100.0,3/2,5,-1,5,1,-2,4,1,Delta(1910),UUU,\overline{\Delta}(1910)^{--}
22224,1920.0,50.0,50.0,300.0,60.0,60.0,3/2,5,1,5,1,2,3,1,Delta(1920),uuu,\Delta(1920)^{++}
-22224,1920.0,50.0,50.0,300.0,60.0,60.0,3/2,5,-1,5,1,-2,3,1,Delta(1920),UUU,\overline{\Delta}(1920)^{--}
23112,1750.0,50.0,50.0,150.0,50.0,50.0,1,5,-1,5,1,-1,3,1,Sigma(1750),dds,\Sigma(1750)^{-}
-23112,1750.0,50.0,50.0,150.0,50.0,50.0,1,5,1,5,1,1,3,1,Sigma(1750),DDS,\overline{\Sigma}(1750)^{+}
23114,1910.0,40.0,40.0,220.0,80.0,70.0,1,5,-1,5,1,-1,3,1,Sigma(1910),dds,\Sigma(1940)^{-}
-23114,1910.0,40.0,40.0,220.0,80.0,70.0,1,5,1,5,1,1,3,1,Sigma(1910),DDS,\overline{\Sigma}(1940)^{+}
23122,1600.0,30.0,30.0,200.0,50.0,50.0,0,5,1,5,1,0,3,1,Lambda(1600),uds,\Lambda(1600)
-23122,1600.0,30.0,30.0,200.0,50.0,50.0,0,5,-1,5,1,0,3,1,Lambda(1600),UDS,\overline{\Lambda}(1600)
23124,1890.0,20.0,20.0,120.0,40.0,40.0,0,5,1,5,1,0,4,1,Lambda(1890),uds,\Lambda(1890)
-23124,1890.0,20.0,20.0,120.0,40.0,40.0,0,5,-1,5,1,0,4,1,Lambda(1890),UDS,\overline{\Lambda}(1890)
23126,2090.0,40.0,40.0,250.0,50.0,50.0,0,5,1,5,1,0,3,1,Lambda(2110),uds,\Lambda(2110)
-23126,2090.0,40.0,40.0,250.0,50.0,50.0,0,5,-1,5,1,0,3,1,Lambda(2110),UDS,\overline{\Lambda}(2110)
23212,1750.0,50.0,50.0,150.0,50.0,50.0,1,5,-1,5,1,0,3,1,Sigma(1750),uds,\Sigma(1750)^{0}
-23212,1750.0,50.0,50.0,150.0,50.0,50.0,1,5,1,5,1,0,3,1,Sigma(1750),UDS,\overline{\Sigma}(1750)^{0}
23214,1910.0,40.0,40.0,220.0,80.0,70.0,1,5,-1,5,1,0,3,1,Sigma(1910),uds,\Sigma(1940)^{0}
-23214,1910.0,40.0,40.0,220.0,80.0,70.0,1,5,1,5,1,0,3,1,Sigma(1910),UDS,\overline{\Sigma}(1940)^{0}
23222,1750.0,50.0,50.0,150.0,50.0,50.0,1,5,-1,5,1,1,3,1,Sigma(1750),uus,\Sigma(1750)^{+}
-23222,1750.0,50.0,50.0,150.0,50.0,50.0,1,5,1,5,1,-1,3,1,Sigma(1750),UUS,\overline{\Sigma}(1750)^{-}
23224,1910.0,40.0,40.0,220.0,80.0,70.0,1,5,-1,5,1,1,3,1,Sigma(1910),uus,\Sigma(1940)^{+}
-23224,1910.0,40.0,40.0,220.0,80.0,70.0,1,5,1,5,1,-1,3,1,Sigma(1910),UUS,\overline{\Sigma}(1940)^{-}
30113,1720.0,20.0,20.0,250.0,100.0,100.0,1,1,-1,-1,0,0,0,0,rho(1700),(uU-dD)/sqrt(2),\rho(1700)^{0}
30213,1720.0,20.0,20.0,250.0,100.0,100.0,1,1,-1,5,2,1,0,0,rho(1700),uD,\rho(1700)^{+}
-30213,1720.0,20.0,20.0,250.0,100.0,100.0,1,1,-1,5,2,-1,0,0,rho(1700),Ud,\rho(1700)^{-}
30223,1670.0,30.0,30.0,315.0,35.0,35.0,0,-1,-1,-1,0,0,0,0,omega(1650),x(uU+dD)+y(sS),\omega(1650)
30313,1718.0,18.0,18.0,320.0,110.0,110.0,1/2,5,-1,5,1,0,0,0,K*(1680),dS,K^{*}(1680)^{0}
-30313,1718.0,18.0,18.0,320.0,110.0,110.0,1/2,5,-1,5,1,0,0,0,K*(1680),Ds,\overline{K}^{*}(1680)^{0}
30323,1718.0,18.0,18.0,320.0,110.0,110.0,1/2,5,-1,5,2,1,0,0,K*(1680),uS,K^{*}(1680)^{+}
-30323,1718.0,18.0,18.0,320.0,110.0,110.0,1/2,5,-1,5,2,-1,0,0,K*(1680),Us,K^{*}(1680)^{-}
30443,3773.7,0.4,0.4,27.2,1.0,1.0,0,-1,-1,-1,0,0,0,0,psi(3770),cC,\psi(3770)
31114,1570.0,70.0,70.0,250.0,50.0,50.0,3/2,5,1,5,1,-1,3,0,Delta(1600),ddd,\Delta(1600)^{-}
-31114,1570.0,70.0,70.0,250.0,50.0,50.0,3/2,5,-1,5,1,1,3,0,Delta(1600),DDD,\overline{\Delta}(1600)^{+}
31214,1720.0,30.0,40.0,250.0,150.0,100.0,1/2,5,1,5,1,0,4,1,N(1720),udd,N(1720)^{0}
-31214,1720.0,30.0,40.0,250.0,150.0,100.0,1/2,5,-1,5,1,0,4,1,N(1720),UDD,\overline{N}(1720)^{0}
32112,1650.0,15.0,15.0,125.0,25.0,25.0,1/2,5,-1,5,1,0,4,1,N(1650),udd,N(1650)^{0}
-32112,1650.0,15.0,15.0,125.0,25.0,25.0,1/2,5,1,5,1,0,4,1,N(1650),UDD,\overline{N}(1650)^{0}
32114,1570.0,70.0,70.0,250.0,50.0,50.0,3/2,5,1,5,1,0,3,0,Delta(1600),udd,\Delta(1600)^{0}
-32114,1570.0,70.0,70.0,250.0,50.0,50.0,3/2,5,-1,5,1,0,3,0,Delta(1600),UDD,\overline{\Delta}(1600)^{0}
32124,1720.0,30.0,40.0,250.0,150.0,100.0,1/2,5,1,5,1,1,4,1,N(1720),uud,N(1720)^{+}
-32124,1720.0,30.0,40.0,250.0,150.0,100.0,1/2,5,-1,5,1,-1,4,1,N(1720),UUD,\overline{N}(1720)^{-}
32212,1650.0,15.0,15.0,125.0,25.0,25.0,1/2,5,-1,5,1,1,4,1,N(1650),uud,N(1650)^{+}
-32212,1650.0,15.0,15.0,125.0,25.0,25.0,1/2,5,1,5,1,-1,4,1,N(1650),UUD,\overline{N}(1650)^{-}
32214,1570.0,70.0,70.0,250.0,50.0,50.0,3/2,5,1,5,1,1,3,0,Delta(1600),uud,\Delta(1600)^{+}
-32214,1570.0,70.0,70.0,250.0,50.0,50.0,3/2,5,-1,5,1,-1,3,0,Delta(1600),UUD,\overline{\Delta}(1600)^{-}
32224,1570.0,70.0,70.0,250.0,50.0,50.0,3/2,5,1,5,1,2,3,0,Delta(1600),uuu,\Delta(1600)^{++}
-32224,1570.0,70.0,70.0,250.0,50.0,50.0,3/2,5,-1,5,1,-2,3,0,Delta(1600),UUU,\overline{\Delta}(1600)^{--}
33122,1674.0,4.0,4.0,30.0,5.0,5.0,0,5,-1,5,1,0,4,1,Lambda(1670),uds,\Lambda(1670)
-33122,1674.0,4.0,4.0,30.0,5.0,5.0,0,5,1,5,1,0,4,1,Lambda(1670),UDS,\overline{\Lambda}(1670)
42112,1710.0,30.0,30.0,140.0,60.0,60.0,1/2,5,1,5,1,0,3,1,N(1710),udd,N(1710)^{0}
-42112,1710.0,30.0,30.0,140.0,60.0,60.0,1/2,5,-1,5,1,0,3,1,N(1710),UDD,\overline{N}(1710)^{0}
42212,1710.0,30.0,30.0,140.0,60.0,60.0,1/2,5,1,5,1,1,3,1,N(1710),uud,N(1710)^{+}
-42212,1710.0,30.0,30.0,140.0,60.0,60.0,1/2,5,-1,5,1,-1,3,1,N(1710),UUD,\overline{N}(1710)^{-}
43122,1800.0,50.0,50.0,200.0,50.0,50.0,0,5,-1,5,1,0,3,1,Lambda(1800),uds,\Lambda(1800)
-43122,1800.0,50.0,50.0,200.0,50.0,50.0,0,5,1,5,1,0,3,1,Lambda(1800),UDS,\overline{\Lambda}(1800)
53122,1790.0,50.0,50.0,110.0,60.0,60.0,0,5,1,5,1,0,3,1,Lambda(1810),uds,\Lambda(1810)
-53122,1790.0,50.0,50.0,110.0,60.0,60.0,0,5,-1,5,1,0,3,1,Lambda(1810),UDS,\overline{\Lambda}(1810)
100111,1300.0,100.0,100.0,400.0,200.0,200.0,1,-1,-1,1,0,0,0,0,pi(1300),(uU-dD)/sqrt(2),\pi(1300)^{0}
100113,1465.0,25.0,25.0,400.0,60.0,60.0,1,1,-1,-1,0,0,0,0,rho(1450),(uU-dD)/sqrt(2),\rho(1450)^{0}
100211,1300.0,100.0,100.0,400.0,200.0,200.0,1,-1,-1,5,2,1,0,0,pi(1300),uD,\pi(1300)^{+}
-100211,1300.0,100.0,100.0,400.0,200.0,200.0,1,-1,-1,5,2,-1,0,0,pi(1300),Ud,\pi(1300)^{-}
100213,1465.0,25.0,25.0,400.0,60.0,60.0,1,1,-1,5,2,1,0,0,rho(1450),uD,\rho(1450)^{+}
-100213,1465.0,25.0,25.0,400.0,60.0,60.0,1,1,-1,5,2,-1,0,0,rho(1450),Ud,\rho(1450)^{-}
100221,1294.0,4.0,4.0,55.0,5.0,5.0,0,1,-1,1,0,0,0,0,eta(1295),x(uU+dD)+y(sS),\eta(1295)
100313,1414.0,15.0,15.0,232.0,21.0,21.0,1/2,5,-1,5,1,0,0,0,K*(1410),dS,K^{*}(1410)^{0}
-100313,1414.0,15.0,15.0,232.0,21.0,21.0,1/2,5,-1,5,1,0,0,0,K*(1410),Ds,\overline{K}^{*}(1410)^{0}
100321,-1.0,-1.0,-1.0,-1.0,-1.0,-1.0,1/2,5,5,5,2,1,0,2,K(1460),uS,K(1460)^{+}
-100321,-1.0,-1.0,-1.0,-1.0,-1.0,-1.0,1/2,5,5,5,2,-1,0,2,K(1460),Us,K(1460)^{-}
100323,1414.0,15.0,15.0,232.0,21.0,21.0,1/2,5,-1,5,2,1,0,0,K*(1410),uS,K^{*}(1410)^{+}
-100323,1414.0,15.0,15.0,232.0,21.0,21.0,1/2,5,-1,5,2,-1,0,0,K*(1410),Us,K^{*}(1410)^{-}
100331,1475.0,4.0,4.0,90.0,9.0,9.0,0,1,-1,1,0,0,0,0,eta(1475),x(uU+dD)+y(sS),\eta(1475)
100333,1680.0,20.0,20.0,150.0,50.0,50.0,0,-1,-1,-1,0,0,0,0,phi(1680),x(uU+dD)+y(sS),\phi(1680)
100441,3637.5,1.1,1.1,11.3,3.2,2.9,0,1,-1,1,0,0,0,0,eta(c)(2S),cC,\eta_{c}(2S)
100443,3686.1,0.06,0.06,0.294,0.008,0.008,0,-1,-1,-1,0,0,0,0,psi(2S),cC,\psi(2S)
100445,3922.5,1.0,1.0,35.2,2.2,2.2,0,1,1,1,0,0,0,2,chi(c2)(3930),cC,\chi_{c2}(2P)
100553,10023.26,0.31,0.31,0.032,0.0026,0.0026,0,-1,-1,-1,0,0,0,0,Upsilon(2S),bB,\Upsilon(2S)
100555,10268.6,0.5,0.5,-1.0,-1.0,-1.0,0,1,1,1,0,0,0,0,chi(b2)(2P),bB,\chi_{b2}(2P)
103316,1950.0,15.0,15.0,60.0,20.0,20.0,1/2,5,5,5,1,-1,3,1,Xi(1950),dss,\Xi(1950)^{-}
-103316,1950.0,15.0,15.0,60.0,20.0,20.0,1/2,5,5,5,1,1,3,1,Xi(1950),DSS,\overline{\Xi}(1950)^{+}
103326,1950.0,15.0,15.0,60.0,20.0,20.0,1/2,5,5,5,1,0,3,1,Xi(1950),uss,\Xi(1950)^{0}
-103326,1950.0,15.0,15.0,60.0,20.0,20.0,1/2,5,5,5,1,0,3,1,Xi(1950),USS,\overline{\Xi}(1950)^{0}
104122,2628.11,0.19,0.19,-1.0,-1.0,-1.0,0,5,-1,5,1,1,3,0,Lambda(c)(2625),udc,\Lambda_{c}(2625)^{+}
-104122,2628.11,0.19,0.19,-1.0,-1.0,-1.0,0,5,1,5,1,-1,3,0,Lambda(c)(2625),UDC,\overline{\Lambda}_{c}(2625)^{-}
104312,2819.79,0.3,0.3,2.54,0.25,0.25,1/2,5,-1,5,1,0,3,0,Xi(c)(2815),dsc,\Xi_{c}(2815)^{0}
-104312,2819.79,0.3,0.3,2.54,0.25,0.25,1/2,5,1,5,1,0,3,0,Xi(c)(2815),DSC,\overline{\Xi}_{c}(2815)^{0}
104314,2793.9,0.5,0.5,10.0,1.1,1.1,1/2,5,-1,5,1,0,3,0,Xi(c)(2790),dsc,\Xi_{c}(2790)^{0}
-104314,2793.9,0.5,0.5,10.0,1.1,1.1,1/2,5,1,5,1,0,3,0,Xi(c)(2790),DSC,\overline{\Xi}_{c}(2790)^{0}
104322,2816.51,0.25,0.25,2.43,0.26,0.26,1/2,5,-1,5,1,1,3,0,Xi(c)(2815),usc,\Xi_{c}(2815)^{+}
-104322,2816.51,0.25,0.25,2.43,0.26,0.26,1/2,5,1,5,1,-1,3,0,Xi(c)(2815),USC,\overline{\Xi}_{c}(2815)^{-}
104324,2791.9,0.5,0.5,8.9,1.0,1.0,1/2,5,-1,5,1,1,3,0,Xi(c)(2790),usc,\Xi_{c}(2790)^{+}
-104324,2791.9,0.5,0.5,8.9,1.0,1.0,1/2,5,1,5,1,-1,3,0,Xi(c)(2790),USC,\overline{\Xi}_{c}(2790)^{-}
110551,10232.5,0.6,0.6,-1.0,-1.0,-1.0,0,1,1,1,0,0,0,0,chi(b0)(2P),bB,\chi_{b0}(2P)
120553,10255.5,0.5,0.5,-1.0,-1.0,-1.0,0,1,1,1,0,0,0,0,chi(b1)(2P),bB,\chi_{b1}(2P)
200553,10355.2,0.5,0.5,0.0203,0.0019,0.0019,0,-1,-1,-1,0,0,0,0,Upsilon(3S),bB,\Upsilon(3S)
203312,1690.0,10.0,10.0,-1.0,-1.0,-1.0,1/2,5,5,5,1,-1,3,1,Xi(1690),dss,\Xi(1690)^{-}
-203312,1690.0,10.0,10.0,-1.0,-1.0,-1.0,1/2,5,5,5,1,1,3,1,Xi(1690),DSS,\overline{\Xi}(1690)^{+}
203316,2025.0,5.0,5.0,20.0,15.0,5.0,1/2,5,5,5,1,-1,3,1,Xi(2030),dss,\Xi(2030)^{-}
-203316,2025.0,5.0,5.0,20.0,15.0,5.0,1/2,5,5,5,1,1,3,1,Xi(2030),DSS,\overline{\Xi}(2030)^{+}
203322,1690.0,10.0,10.0,-1.0,-1.0,-1.0,1/2,5,5,5,1,0,3,1,Xi(1690),uss,\Xi(1690)^{0}
-203322,1690.0,10.0,10.0,-1.0,-1.0,-1.0,1/2,5,5,5,1,0,3,1,Xi(1690),USS,\overline{\Xi}(1690)^{0}
203326,2025.0,5.0,5.0,20.0,15.0,5.0,1/2,5,5,5,1,0,3,1,Xi(2030),uss,\Xi(2030)^{0}
-203326,2025.0,5.0,5.0,20.0,15.0,5.0,1/2,5,5,5,1,0,3,1,Xi(2030),USS,\overline{\Xi}(2030)^{0}
203338,2252.0,9.0,9.0,55.0,18.0,18.0,0,5,5,5,1,-1,3,0,Omega(2250),sss,\Omega(2250)^{-}
-203338,2252.0,9.0,9.0,55.0,18.0,18.0,0,5,5,5,1,1,3,0,Omega(2250),SSS,\overline{\Omega}(2250)^{+}
204126,2881.63,0.24,0.24,5.6,0.8,0.6,0,5,1,5,1,1,3,0,Lambda(c)(2880),udc,\Lambda_{c}(2880)^{+}
-204126,2881.63,0.24,0.24,5.6,0.8,0.6,0,5,-1,5,1,-1,3,0,Lambda(c)(2880),UDC,\overline{\Lambda}_{c}(2880)^{-}
300553,10579.4,1.2,1.2,20.5,2.5,2.5,0,-1,-1,-1,0,0,0,0,Upsilon(4S),bB,\Upsilon(4S)
1000223,1410.0,60.0,60.0,290.0,190.0,190.0,0,-1,-1,-1,0,0,0,0,omega(1420),x(uU+dD)+y(sS),\omega(1420)
9000111,980.0,20.0,20.0,75.0,25.0,25.0,1,-1,1,1,0,0,0,0,a(0)(980),Maybe non-qQ,a_{0}(980)^{0}
9000113,1354.0,25.0,25.0,330.0,35.0,35.0,1,-1,-1,1,0,0,0,0,pi(1)(1400),Maybe non-qQ,\pi_{1}(1400)^{0}
9000115,1700.0,40.0,40.0,270.0,60.0,60.0,1,-1,1,1,0,0,0,2,a(2)(1700),(uU-dD)/sqrt(2),a_{2}(1700)^{0}
9000211,980.0,20.0,20.0,75.0,25.0,25.0,1,-1,1,5,2,1,0,0,a(0)(980),Maybe non-qQ,a_{0}(980)^{+}
-9000211,980.0,20.0,20.0,75.0,25.0,25.0,1,-1,1,5,2,-1,0,0,a(0)(980),Maybe non-qq,a_{0}(980)^{-}
9000213,1354.0,25.0,25.0,330.0,35.0,35.0,1,-1,-1,5,2,1,0,0,pi(1)(1400),Maybe non-qQ,\pi_{1}(1400)^{+}
-9000213,1354.0,25.0,25.0,330.0,35.0,35.0,1,-1,-1,5,2,-1,0,0,pi(1)(1400),Maybe non-qq,\pi_{1}(1400)^{-}
9000215,1700.0,40.0,40.0,270.0,60.0,60.0,1,-1,-1,5,2,1,0,2,a(2)(1700),uD,a_{2}(1700)^{+}
-9000215,1700.0,40.0,40.0,270.0,60.0,60.0,1,-1,-1,5,2,-1,0,2,a(2)(1700),Ud,a_{2}(1700)^{-}
9000221,600.0,200.0,200.0,450.0,350.0,350.0,0,1,1,1,0,0,0,0,f(0)(500),Maybe non-qQ,f_{0}(500)
9000311,845.0,17.0,17.0,468.0,30.0,30.0,1/2,5,1,5,1,0,0,2,K(0)*(700),dS,K_{0}^{*}(700)^{0}
-9000311,845.0,17.0,17.0,468.0,30.0,30.0,1/2,5,1,5,1,0,0,2,K(0)*(700),Ds,\overline{K}_{0}^{*}(700)^{0}
9000313,1670.0,50.0,50.0,160.0,50.0,50.0,1/2,5,1,5,1,0,0,2,K(1)(1650),dS,K_{1}(1650)^{0}
-9000313,1670.0,50.0,50.0,160.0,50.0,50.0,1/2,5,1,5,1,0,0,2,K(1)(1650),Ds,\overline{K}_{1}(1650)^{0}
9000321,845.0,17.0,17.0,468.0,30.0,30.0,1/2,5,1,5,2,1,0,2,K(0)*(700),uS,K_{0}^{*}(700)^{+}
-9000321,845.0,17.0,17.0,468.0,30.0,30.0,1/2,5,1,5,2,-1,0,2,K(0)*(700),Us,K_{0}^{*}(700)^{-}
9000323,1670.0,50.0,50.0,160.0,50.0,50.0,1/2,5,5,5,2,1,0,2,K(1)(1650),uS,K_{1}(1650)^{+}
-9000323,1670.0,50.0,50.0,160.0,50.0,50.0,1/2,5,5,5,2,-1,0,2,K(1)(1650),Us,K_{1}(1650)^{-}
9000325,-1.0,-1.0,-1.0,-1.0,-1.0,-1.0,1/2,5,5,5,2,1,0,2,K(2)(1580),uS,K_{2}(1580)^{+}
-9000325,-1.0,-1.0,-1.0,-1.0,-1.0,-1.0,1/2,5,5,5,2,-1,0,2,K(2)(1580),Us,K_{2}(1580)^{-}
9000329,-1.0,-1.0,-1.0,-1.0,-1.0,-1.0,1/2,5,5,5,2,1,0,2,K(4)(2500),uS,K_{4}(2500)^{+}
-9000329,-1.0,-1.0,-1.0,-1.0,-1.0,-1.0,1/2,5,5,5,2,-1,0,2,K(4)(2500),Us,K_{4}(2500)^{-}
9000443,4039.0,1.0,1.0,80.0,10.0,10.0,0,-1,-1,-1,0,0,0,0,psi(4040),cC,\psi(4040)
9000553,10885.2,2.6,1.6,37.0,4.0,4.0,0,-1,-1,-1,0,0,0,0,Upsilon(10860),bB,\Upsilon(10860)
9010111,1810.0,9.0,11.0,215.0,7.0,8.0,1,-1,-1,1,0,0,0,0,pi(1800),(uU-dD)/sqrt(2),\pi(1800)^{0}
9010113,1661.0,15.0,11.0,240.0,50.0,50.0,1,-1,-1,1,0,0,0,0,pi(1)(1600),Maybe non-qQ,\pi_{1}(1600)^{0}
9010211,1810.0,9.0,11.0,215.0,7.0,8.0,1,-1,-1,5,2,1,0,0,pi(1800),uD,\pi(1800)^{+}
-9010211,1810.0,9.0,11.0,215.0,7.0,8.0,1,-1,-1,5,2,-1,0,0,pi(1800),Ud,\pi(1800)^{-}
9010213,1661.0,15.0,11.0,240.0,50.0,50.0,1,-1,-1,5,2,1,0,0,pi(1)(1600),Maybe non-qQ,\pi_{1}(1600)^{+}
-9010213,1661.0,15.0,11.0,240.0,50.0,50.0,1,-1,-1,5,2,-1,0,0,pi(1)(1600),Maybe non-qq,\pi_{1}(1600)^{-}
9010221,990.0,20.0,20.0,60.0,50.0,50.0,0,1,1,1,0,0,0,0,f(0)(980),Maybe non-qQ,f_{0}(980)
9010315,1990.0,60.0,50.0,349.0,50.0,30.0,1/2,5,5,5,1,0,0,2,K(2)*(1980),dS,K_{2}^{*}(1980)^{0}
-9010315,1990.0,60.0,50.0,349.0,50.0,30.0,1/2,5,5,5,1,0,0,2,K(2)*(1980),Ds,\overline{K}_{2}^{*}(1980)^{0}
9010321,-1.0,-1.0,-1.0,-1.0,-1.0,-1.0,1/2,5,5,5,2,1,0,2,K(1830),uS,K(1830)^{+}
-9010321,-1.0,-1.0,-1.0,-1.0,-1.0,-1.0,1/2,5,5,5,2,-1,0,2,K(1830),Us,K(1830)^{-}
9010325,1990.0,60.0,50.0,349.0,50.0,30.0,1/2,5,5,5,2,1,0,2,K(2)*(1980),uS,K_{2}^{*}(1980)^{+}
-9010325,1990.0,60.0,50.0,349.0,50.0,30.0,1/2,5,5,5,2,-1,0,2,K(2)*(1980),Us,K_{2}^{*}(1980)^{-}
9010327,-1.0,-1.0,-1.0,-1.0,-1.0,-1.0,1/2,5,5,5,2,1,0,2,K(3)(2320),uS,K_{3}(2320)^{+}
-9010327,-1.0,-1.0,-1.0,-1.0,-1.0,-1.0,1/2,5,5,5,2,-1,0,2,K(3)(2320),Us,K_{3}(2320)^{-}
9010443,4191.0,5.0,5.0,70.0,10.0,10.0,0,-1,-1,-1,0,0,0,0,psi(4160),cC,\psi(4160)
9010553,11000.0,4.0,4.0,24.0,8.0,6.0,0,-1,-1,-1,0,0,0,0,Upsilon(11020),bB,\Upsilon(11020)
9020113,1655.0,16.0,16.0,250.0,40.0,40.0,1,-1,1,1,0,0,0,2,a(1)(1640),(uU-dD)/sqrt(2),a_{1}(1640)^{0}
9020213,1655.0,16.0,16.0,250.0,40.0,40.0,1,-1,1,5,2,1,0,2,a(1)(1640),uD,a_{1}(1640)^{+}
-9020213,1655.0,16.0,16.0,250.0,40.0,40.0,1,-1,1,5,2,-1,0,2,a(1)(1640),Ud,a_{1}(1640)^{-}
9020221,1408.8,2.0,2.0,50.1,2.6,2.6,0,1,-1,1,0,0,0,0,eta(1405),x(uU+dD)+y(sS),\eta(1405)
9020321,-1.0,-1.0,-1.0,-1.0,-1.0,-1.0,1/2,5,5,5,2,1,0,2,K(0)*(1950),uS,K_{0}^{*}(1950)^{+}
-9020321,-1.0,-1.0,-1.0,-1.0,-1.0,-1.0,1/2,5,5,5,2,-1,0,2,K(0)*(1950),Us,K_{0}^{*}(1950)^{-}
9020325,-1.0,-1.0,-1.0,-1.0,-1.0,-1.0,1/2,5,5,5,2,1,0,2,K(2)(2250),uS,K_{2}(2250)^{+}
-9020325,-1.0,-1.0,-1.0,-1.0,-1.0,-1.0,1/2,5,5,5,2,-1,0,2,K(2)(2250),Us,K_{2}(2250)^{-}
9020443,4421.0,4.0,4.0,62.0,20.0,20.0,0,-1,-1,-1,0,0,0,0,psi(4415),cC,\psi(4415)
9030221,1506.0,6.0,6.0,112.0,9.0,9.0,0,1,1,1,0,0,0,0,f(0)(1500),Maybe non-qQ,f_{0}(1500)
9050225,1936.0,12.0,12.0,464.0,24.0,24.0,0,1,1,1,0,0,0,0,f(2)(1950),x(uU+dD)+y(sS),f_{2}(1950)
9060225,2010.0,60.0,80.0,200.0,60.0,60.0,0,1,1,1,0,0,0,0,f(2)(2010),x(uU+dD)+y(sS),f_{2}(2010)
9080225,2297.0,28.0,28.0,150.0,40.0,40.0,0,1,1,1,0,0,0,0,f(2)(2300),x(uU+dD)+y(sS),f_{2}(2300)
9090225,2350.0,50.0,40.0,320.0,70.0,60.0,0,1,1,1,0,0,0,0,f(2)(2340),x(uU+dD)+y(sS),f_{2}(2340)
